Date,Revenue,Expense,Expense Category,Profit,Gross Profit Margin,Expense Ratio
2021-01-01,54967.14,30245.38,Tech,24721.76,44.97552537752555,55.02447462247445
2021-01-02,48617.36,25833.82,Operations,22783.54,46.86297240327323,53.13702759672676
2021-01-03,56476.89,39021.53,Operations,17455.36,30.90708429589519,69.09291570410481
2021-01-04,65230.3,46440.24,Marketing,18790.060000000005,28.805723720418282,71.19427627958173
2021-01-05,47658.47,24280.84,HR,23377.63,49.05241397804,50.94758602196
2021-01-06,47658.63,37214.89,R&D,10443.739999999998,21.913638726081714,78.08636127391829
2021-01-07,65792.13,33921.86,R&D,31870.270000000004,48.440854552056614,51.559145447943386
2021-01-08,57674.35,38202.85,Marketing,19471.5,33.76110870777044,66.23889129222957
2021-01-09,45305.26,32289.88,HR,13015.380000000001,28.728187411351353,71.27181258864864
2021-01-10,55425.6,42195.0,Tech,13230.599999999999,23.870918853381827,76.12908114661818
2021-01-11,45365.82,32401.45,Marketing,12964.369999999999,28.577395933766876,71.42260406623313
2021-01-12,45342.7,33577.1,Marketing,11765.599999999999,25.948168062334176,74.05183193766582
2021-01-13,52419.62,31547.97,R&D,20871.65,39.816484743689486,60.183515256310514
2021-01-14,30867.2,22979.01,Marketing,7888.190000000002,25.555249585320343,74.44475041467965
2021-01-15,32750.82,17162.56,Marketing,15588.259999999998,47.59654872763491,52.403451272365096
2021-01-16,44377.12,34101.38,Marketing,10275.740000000005,23.155490937672397,76.8445090623276
2021-01-17,39871.69,26485.88,R&D,13385.810000000001,33.572216276761786,66.42778372323822
2021-01-18,53142.47,39601.2,Tech,13541.270000000004,25.481070036827425,74.51892996317258
2021-01-19,40919.76,26012.51,Tech,14907.250000000004,36.43044338480969,63.5695566151903
2021-01-20,35876.96,24865.36,Marketing,11011.599999999999,30.69267853240631,69.30732146759368
2021-01-21,64656.49,42538.85,R&D,22117.64,34.20791942154608,65.79208057845392
2021-01-22,47742.24,34349.44,Tech,13392.799999999996,28.052307558254487,71.94769244174552
2021-01-23,50675.28,26578.63,Tech,24096.649999999998,47.551093945608194,52.448906054391806
2021-01-24,35752.52,18523.58,Tech,17228.939999999995,48.18944231063991,51.810557689360095
2021-01-25,44556.17,25581.08,R&D,18975.089999999997,42.586896494918655,57.413103505081345
2021-01-26,51109.23,28000.88,R&D,23108.350000000002,45.213653189453254,54.78634681054674
2021-01-27,38490.06,29311.53,Marketing,9178.529999999999,23.84649439361747,76.15350560638254
2021-01-28,53756.98,30413.77,Operations,23343.210000000003,43.423588899525235,56.576411100474765
2021-01-29,43993.61,34876.36,Tech,9117.25,20.724032421981285,79.27596757801871
2021-01-30,47083.06,28300.16,Operations,18782.899999999998,39.893116547650045,60.106883452349955
2021-01-31,43982.93,24394.49,R&D,19588.44,44.53645994025409,55.46354005974591
2021-02-01,68522.78,50495.09,R&D,18027.690000000002,26.309046422226306,73.6909535777737
2021-02-02,49865.03,34786.46,R&D,15078.57,30.23876652636126,69.76123347363874
2021-02-03,39422.89,25603.54,Operations,13819.349999999999,35.05412718347132,64.94587281652868
2021-02-04,58225.45,38813.61,R&D,19411.839999999997,33.33909828090637,66.66090171909363
2021-02-05,37791.56,27049.71,Marketing,10741.849999999999,28.423939101746527,71.57606089825347
2021-02-06,52088.64,29614.29,R&D,22474.35,43.14635590408964,56.85364409591036
2021-02-07,30403.3,24289.2,HR,6114.0999999999985,20.109988060506588,79.8900119394934
2021-02-08,36718.14,29096.85,Operations,7621.290000000001,20.756198434888045,79.24380156511197
2021-02-09,51968.61,36123.26,HR,15845.349999999999,30.490232469177066,69.50976753082294
2021-02-10,57384.67,32127.54,R&D,25257.129999999997,44.01372352581273,55.98627647418727
2021-02-11,51713.68,36409.97,Marketing,15303.71,29.593156008236114,70.40684399176388
2021-02-12,48843.52,25479.69,Tech,23363.829999999998,47.83404226394822,52.16595773605178
2021-02-13,46988.96,23926.58,R&D,23062.379999999997,49.08042229493906,50.91957770506094
2021-02-14,35214.78,20329.66,Marketing,14885.119999999999,42.26952433040899,57.73047566959101
2021-02-15,42801.56,27341.08,Operations,15460.479999999996,36.12130025167306,63.87869974832694
2021-02-16,45393.61,34521.01,HR,10872.599999999999,23.951829343381146,76.04817065661885
2021-02-17,60571.22,43499.27,HR,17071.950000000004,28.184920165055296,71.81507983494471
2021-02-18,53436.18,38624.31,HR,14811.870000000003,27.71880400133393,72.28119599866606
2021-02-19,32369.6,20316.71,Operations,12052.89,37.2352145222678,62.76478547773219
2021-02-20,53240.84,32145.78,Marketing,21095.059999999998,39.6219518700306,60.3780481299694
2021-02-21,46149.18,28211.53,Operations,17937.65,38.8688379728524,61.13116202714761
2021-02-22,43230.78,34424.45,HR,8806.330000000002,20.370509160371387,79.62949083962862
2021-02-23,56116.76,28733.62,R&D,27383.140000000003,48.79672311801323,51.20327688198677
2021-02-24,60310.0,45842.2,Tech,14467.800000000003,23.989056541203784,76.0109434587962
2021-02-25,59312.8,39953.26,Operations,19359.54,32.639733750556374,67.36026624944363
2021-02-26,41607.82,26278.86,Operations,15328.96,36.84153603817744,63.15846396182256
2021-02-27,46907.88,33660.03,Marketing,13247.849999999999,28.242269742311947,71.75773025768805
2021-02-28,53312.63,34440.0,Marketing,18872.629999999997,35.39992305763193,64.60007694236806
2021-03-01,59755.45,45535.26,Operations,14220.189999999995,23.79731053820195,76.20268946179806
2021-03-02,45208.26,34819.88,HR,10388.380000000005,22.978942343722153,77.02105765627785
2021-03-03,48143.41,30162.63,Tech,17980.780000000002,37.348372290205454,62.651627709794546
2021-03-04,38936.65,22701.95,Marketing,16234.7,41.6951638109596,58.3048361890404
2021-03-05,38037.93,25778.5,HR,12259.43,32.22948777706884,67.77051222293117
2021-03-06,58125.26,44972.04,R&D,13153.220000000001,22.62909447630858,77.37090552369142
2021-03-07,63562.4,35798.26,Marketing,27764.14,43.68013165015795,56.319868349842054
2021-03-08,49279.9,33849.87,HR,15430.029999999999,31.311001036933916,68.68899896306608
2021-03-09,60035.33,41392.44,HR,18642.89,31.0531981751412,68.9468018248588
2021-03-10,53616.36,38600.24,Tech,15016.120000000003,28.00660097030086,71.99339902969913
2021-03-11,43548.8,23493.28,Tech,20055.520000000004,46.052979645822624,53.947020354177376
2021-03-12,53613.96,38320.44,R&D,15293.519999999997,28.525257227781715,71.47474277221828
2021-03-13,65380.37,50520.05,HR,14860.32,22.729024017453554,77.27097598254645
2021-03-14,49641.74,27496.8,HR,22144.94,44.60951610479407,55.39048389520593
2021-03-15,65646.44,37501.38,Tech,28145.060000000005,42.873703433118386,57.12629656688161
2021-03-16,23802.55,18837.78,Marketing,4964.77,20.858143350187273,79.14185664981272
2021-03-17,58219.03,32270.41,Marketing,25948.62,44.57068419037555,55.42931580962445
2021-03-18,50870.47,38474.13,Operations,12396.340000000004,24.368440079283722,75.63155992071627
2021-03-19,47009.93,30447.55,Tech,16562.38,35.23166275720896,64.76833724279103
2021-03-20,50917.61,29235.33,Operations,21682.28,42.58306703712134,57.41693296287866
2021-03-21,30124.31,22931.38,Tech,7192.93,23.877492961664515,76.12250703833548
2021-03-22,47803.28,30287.76,R&D,17515.52,36.640833013968916,63.35916698603108
2021-03-23,53571.13,35059.37,HR,18511.759999999995,34.55547792253028,65.44452207746973
2021-03-24,64778.94,39370.7,R&D,25408.240000000005,39.22299438675595,60.77700561324405
2021-03-25,44817.3,30380.99,Tech,14436.310000000001,32.21146744672259,67.78853255327742
2021-03-26,41915.06,23013.76,HR,18901.3,45.09429307747621,54.90570692252379
2021-03-27,44982.43,27768.75,Marketing,17213.68,38.26756357982439,61.73243642017561
2021-03-28,59154.02,46780.4,Marketing,12373.619999999995,20.917631633488302,79.0823683665117
2021-03-29,53287.51,30770.34,Operations,22517.170000000002,42.255999576636256,57.74400042336375
2021-03-30,44702.4,31158.51,Tech,13543.890000000003,30.297903468270164,69.70209653172984
2021-03-31,55132.67,32944.91,Tech,22187.759999999995,40.24430523680423,59.75569476319576
2021-04-01,50970.78,37312.75,Marketing,13658.029999999999,26.79580339951635,73.20419660048366
2021-04-02,59686.45,32186.64,R&D,27499.809999999998,46.073790617468454,53.92620938253154
2021-04-03,42979.47,33994.45,HR,8985.020000000004,20.905376450663546,79.09462354933645
2021-04-04,46723.38,29722.46,R&D,17000.92,36.38632307851016,63.61367692148985
2021-04-05,46078.92,26302.55,R&D,19776.37,42.91847551982555,57.08152448017445
2021-04-06,35364.85,18462.19,Marketing,16902.66,47.795084667402804,52.20491533259719
2021-04-07,52961.2,29177.77,Marketing,23783.429999999997,44.90727173855577,55.092728261444236
2021-04-08,52610.55,34508.95,Marketing,18101.600000000006,34.40678723183849,65.59321276816151
2021-04-09,50051.13,30085.78,Operations,19965.35,39.889908579486615,60.11009142051338
2021-04-10,47654.13,35676.98,R&D,11977.149999999994,25.133498397725436,74.86650160227457
2021-04-11,35846.29,22556.86,Tech,13289.43,37.073376352197116,62.926623647802884
2021-04-12,45793.55,26313.63,HR,19479.920000000002,42.538567112617386,57.461432887382614
2021-04-13,46572.85,31909.09,Operations,14663.759999999998,31.485640238894547,68.51435976110545
2021-04-14,41977.23,29889.18,Tech,12088.050000000003,28.796683344756197,71.2033166552438
2021-04-15,48387.14,26618.37,R&D,21768.77,44.98875114338231,55.01124885661769
2021-04-16,54040.51,29737.72,Marketing,24302.79,44.971429766299394,55.028570233700606
2021-04-17,68861.86,35188.51,R&D,33673.35,48.89985544973662,51.10014455026338
2021-04-18,51745.78,37304.6,HR,14441.18,27.907937613463357,72.09206238653664
2021-04-19,52575.5,36757.71,Operations,15817.79,30.08585748114616,69.91414251885384
2021-04-20,49255.54,31641.23,Operations,17614.31,35.76107377972102,64.23892622027898
2021-04-21,30812.29,23209.39,HR,7602.9000000000015,24.674894335993855,75.32510566400614
2021-04-22,49734.86,36888.4,Tech,12846.46,25.829890744640675,74.17010925535932
2021-04-23,50602.3,34187.23,Tech,16415.07,32.43937528531312,67.56062471468688
2021-04-24,74632.42,56756.57,Operations,17875.85,23.951856311238465,76.04814368876154
2021-04-25,48076.39,27007.03,Operations,21069.36,43.824754728880436,56.175245271119564
2021-04-26,53015.47,28287.78,Marketing,24727.690000000002,46.642404566063455,53.357595433936545
2021-04-27,49652.88,28844.59,Tech,20808.289999999997,41.90751875822711,58.09248124177289
2021-04-28,38313.22,19812.76,HR,18500.460000000003,48.2874057570729,51.71259424292711
2021-04-29,61428.23,40502.76,Tech,20925.47,34.06490794216275,65.93509205783725
2021-04-30,57519.33,44921.54,Marketing,12597.79,21.90183717369448,78.09816282630551
2021-05-01,57910.32,29638.68,Operations,28271.64,48.81969224138288,51.18030775861712
2021-05-02,40906.13,21951.58,Operations,18954.549999999996,46.336698191689116,53.66330180831089
2021-05-03,64027.94,40699.98,Marketing,23327.96,36.43403176800628,63.56596823199372
2021-05-04,35981.49,28071.41,HR,7910.079999999998,21.98374775474834,78.01625224525166
2021-05-05,55868.57,33233.24,Operations,22635.33,40.515320152278825,59.484679847721175
2021-05-06,71904.56,46894.03,R&D,25010.53,34.782953960082644,65.21704603991736
2021-05-07,40094.64,20547.37,Operations,19547.27,48.75282581412378,51.24717418587621
2021-05-08,44337.02,24141.64,R&D,20195.379999999997,45.549700904571395,54.45029909542861
2021-05-09,50996.51,40592.66,Marketing,10403.849999999999,20.40110195776142,79.59889804223857
2021-05-10,44965.24,35501.66,Marketing,9463.579999999994,21.046434979553084,78.95356502044692
2021-05-11,34493.37,17297.8,Operations,17195.570000000003,49.851812101861896,50.1481878981381
2021-05-12,50685.63,39815.77,Tech,10869.86,21.44564445583492,78.55435554416508
2021-05-13,39376.96,27238.46,R&D,12138.5,30.826402038146167,69.17359796185384
2021-05-14,54735.92,41619.85,HR,13116.07,23.962454636735803,76.03754536326419
2021-05-15,40805.76,25969.68,Operations,14836.080000000002,36.35780830941515,63.64219169058486
2021-05-16,65499.34,42881.03,HR,22618.309999999998,34.53211894959552,65.46788105040447
2021-05-17,42167.47,27267.76,Operations,14899.710000000003,35.33460745925711,64.6653925407429
2021-05-18,46779.38,32748.34,Tech,14031.039999999997,29.994070036841013,70.00592996315899
2021-05-19,58135.17,31503.18,Tech,26631.989999999998,45.81046206625008,54.18953793374992
2021-05-20,37691.36,19184.6,Tech,18506.760000000002,49.10080188138608,50.89919811861392
2021-05-21,52274.6,30966.37,Tech,21308.23,40.76211008788207,59.237889912117936
2021-05-22,63071.43,44869.28,Marketing,18202.15,28.85958032028131,71.14041967971869
2021-05-23,33925.17,19016.96,Marketing,14908.21,43.94439290945337,56.05560709054663
2021-05-24,51846.34,36397.67,R&D,15448.669999999998,29.797030995823427,70.20296900417658
2021-05-25,52598.83,41604.29,HR,10994.54,20.90263224486172,79.09736775513828
2021-05-26,57818.23,30537.87,Operations,27280.360000000004,47.18297325947197,52.81702674052803
2021-05-27,37630.49,26408.35,Operations,11222.14,29.821934287860724,70.17806571213929
2021-05-28,36795.43,23296.11,Marketing,13499.32,36.68749081067948,63.31250918932052
2021-05-29,55219.42,41991.2,Operations,13228.220000000001,23.9557387600232,76.0442612399768
2021-05-30,52969.85,29300.0,Marketing,23669.85,44.68551449551018,55.31448550448982
2021-05-31,52504.93,37162.35,R&D,15342.580000000002,29.221217893253076,70.77878210674693
2021-06-01,53464.48,40175.06,HR,13289.420000000006,24.85654026748227,75.14345973251773
2021-06-02,43199.75,33842.0,R&D,9357.75,21.661583689720427,78.33841631027957
2021-06-03,52322.54,36886.05,Tech,15436.489999999998,29.50256237560332,70.49743762439668
2021-06-04,52930.72,34360.11,Tech,18570.61,35.08474851655144,64.91525148344856
2021-06-05,42856.49,29371.87,Tech,13484.619999999999,31.464592643961275,68.53540735603872
2021-06-06,68657.75,52225.99,R&D,16431.760000000002,23.932855358644876,76.06714464135513
2021-06-07,54738.33,36739.43,Operations,17998.9,32.881711955772126,67.11828804422787
2021-06-08,38086.97,19390.69,HR,18696.280000000002,49.088389021232196,50.9116109787678
2021-06-09,56565.54,44080.65,Tech,12484.89,22.071547447438846,77.92845255256115
2021-06-10,40253.18,28453.28,Tech,11799.900000000001,29.31420573480158,70.68579426519842
2021-06-11,57870.85,40680.55,Tech,17190.299999999996,29.70459220833977,70.29540779166022
2021-06-12,61585.96,34777.75,HR,26808.21,43.52974281800592,56.47025718199408
2021-06-13,41793.18,29157.67,Tech,12635.510000000002,30.233425645045443,69.76657435495456
2021-06-14,59633.76,36863.16,HR,22770.6,38.18407559744681,61.81592440255319
2021-06-15,54127.81,37638.85,Tech,16488.96,30.463009680236464,69.53699031976353
2021-06-16,58220.6,30972.07,R&D,27248.53,46.80221433650632,53.19778566349368
2021-06-17,68967.93,48095.03,R&D,20872.899999999994,30.26464619135299,69.735353808647
2021-06-18,47546.12,38028.53,HR,9517.590000000004,20.017595547228677,79.98240445277133
2021-06-19,42462.64,21845.48,R&D,20617.16,48.55364621700394,51.44635378299607
2021-06-20,41104.86,32602.41,HR,8502.45,20.68478033984303,79.31521966015697
2021-06-21,41841.9,26028.69,R&D,15813.210000000003,37.79276275694938,62.20723724305061
2021-06-22,49228.98,37474.38,R&D,11754.600000000006,23.877399044221523,76.12260095577848
2021-06-23,53411.52,39242.28,HR,14169.239999999998,26.528434315293776,73.47156568470622
2021-06-24,52766.91,35359.36,Operations,17407.550000000003,32.9895193787167,67.01048062128329
2021-06-25,58271.83,42045.15,R&D,16226.68,27.846525499542402,72.15347450045759
2021-06-26,50130.02,38277.01,Tech,11853.009999999995,23.64453475183133,76.35546524816867
2021-06-27,64535.34,40092.07,Operations,24443.269999999997,37.875790225944414,62.124209774055586
2021-06-28,47353.43,28322.56,HR,19030.87,40.189000036533784,59.810999963466216
2021-06-29,77201.69,54062.65,Operations,23139.04,29.972193613896277,70.02780638610372
2021-06-30,56256.67,41762.35,Marketing,14494.32,25.7646248880355,74.2353751119645
2021-07-01,41428.42,30188.29,Marketing,11240.129999999997,27.131447445980317,72.86855255401969
2021-07-02,39291.08,29049.63,R&D,10241.45,26.06558536950371,73.93441463049628
2021-07-03,54824.72,34576.58,R&D,20248.14,36.93250052166249,63.06749947833751
2021-07-04,47765.37,35601.93,Tech,12163.440000000002,25.464975985740303,74.5350240142597
2021-07-05,57140.0,30630.62,Operations,26509.38,46.39373468673434,53.606265313265666
2021-07-06,54732.38,36306.55,Marketing,18425.829999999994,33.66531840932186,66.33468159067814
2021-07-07,49271.71,24720.98,R&D,24550.73,49.82723351797614,50.17276648202387
2021-07-08,41532.06,24810.25,Operations,16721.809999999998,40.2624141446391,59.7375858553609
2021-07-09,34851.53,21257.29,R&D,13594.239999999998,39.00614980174471,60.99385019825528
2021-07-10,45534.85,28179.32,R&D,17355.53,38.11482853243175,61.88517146756824
2021-07-11,58563.99,41500.8,Marketing,17063.189999999995,29.135975878692683,70.86402412130731
2021-07-12,52140.94,32148.41,Marketing,19992.530000000002,38.34324812709553,61.65675187290447
2021-07-13,37542.61,23824.84,R&D,13717.77,36.539201723055484,63.460798276944516
2021-07-14,51731.81,29552.48,HR,22179.329999999998,42.87367869015215,57.12632130984785
2021-07-15,53853.17,32956.82,R&D,20896.35,38.80245118346794,61.19754881653206
2021-07-16,41161.43,23387.14,R&D,17774.29,43.181905973626286,56.81809402637372
2021-07-17,51537.25,26900.32,Tech,24636.93,47.804122261083,52.195877738917
2021-07-18,50582.09,34448.15,Tech,16133.939999999995,31.896546781677067,68.10345321832294
2021-07-19,38570.3,27017.1,Tech,11553.200000000004,29.953617161391026,70.04638283860896
2021-07-20,53577.87,36746.23,HR,16831.64,31.415283959590028,68.58471604040997
2021-07-21,55607.85,35536.1,HR,20071.75,36.09517361307801,63.90482638692199
2021-07-22,60830.51,37346.02,R&D,23484.490000000005,38.6064328574592,61.393567142540796
2021-07-23,60538.02,45948.36,Tech,14589.659999999996,24.09999534177034,75.90000465822966
2021-07-24,36223.31,23752.51,HR,12470.8,34.42755507434301,65.572444925657
2021-07-25,40621.75,26150.44,Marketing,14471.310000000001,35.62453611673549,64.3754638832645
2021-07-26,55150.35,27999.43,R&D,27150.92,49.23073017668972,50.76926982331028
2021-07-27,55137.86,33213.63,Operations,21924.230000000003,39.76256967535556,60.237430324644436
2021-07-28,55150.48,33865.63,R&D,21284.850000000006,38.594133722861535,61.405866277138465
2021-07-29,88527.31,54855.67,Operations,33671.64,38.03531362242906,61.96468637757094
2021-07-30,55708.91,37550.69,Tech,18158.22,32.59482190550847,67.40517809449152
2021-07-31,61355.66,40499.69,Operations,20855.97,33.99192511334733,66.00807488665268
2021-08-01,59540.02,40628.41,Tech,18911.609999999993,31.762854631221142,68.23714536877887
2021-08-02,56513.91,41224.92,Marketing,15288.990000000005,27.053498864261922,72.94650113573809
2021-08-03,46847.31,34849.51,Operations,11997.799999999996,25.61043526298521,74.3895647370148
2021-08-04,57589.69,41201.79,R&D,16387.9,28.456308759432464,71.54369124056754
2021-08-05,42271.75,33253.37,Tech,9018.379999999997,21.33429536274225,78.66570463725775
2021-08-06,47631.81,24076.44,R&D,23555.37,49.45302309528024,50.54697690471976
2021-08-07,45146.36,25224.78,HR,19921.58,44.12665827322513,55.873341726774875
2021-08-08,50818.74,25524.67,Tech,25294.07,49.773115193332224,50.22688480666777
2021-08-09,73146.59,50781.47,Operations,22365.119999999995,30.575752061716067,69.42424793828394
2021-08-10,31327.35,24103.55,Tech,7223.799999999999,23.059084154899793,76.9409158451002
2021-08-11,56862.6,32584.81,R&D,24277.789999999997,42.69553274032492,57.304467259675086
2021-08-12,33872.84,26356.81,Marketing,7516.029999999995,22.18895728849425,77.81104271150575
2021-08-13,45280.68,23459.02,Tech,21821.66,48.19198828286147,51.80801171713853
2021-08-14,60889.51,47513.96,Operations,13375.550000000003,21.96692008196486,78.03307991803514
2021-08-15,50642.8,30663.55,HR,19979.250000000004,39.4513139083937,60.54868609160631
2021-08-16,39222.55,20804.67,Marketing,18417.880000000005,46.95737528539068,53.04262471460932
2021-08-17,42846.96,27668.92,HR,15178.04,35.423843371851824,64.57615662814817
2021-08-18,56795.98,32773.15,Tech,24022.83,42.29670832337077,57.70329167662922
2021-08-19,42696.33,24997.07,R&D,17699.260000000002,41.45382050401054,58.54617949598947
2021-08-20,52164.59,30891.19,R&D,21273.399999999998,40.781303945837585,59.218696054162415
2021-08-21,50455.72,37383.03,Operations,13072.690000000002,25.909232887767736,74.09076711223227
2021-08-22,43484.0,28775.47,R&D,14708.529999999999,33.82515407966149,66.17484592033853
2021-08-23,71439.44,42391.61,Marketing,29047.83,40.66077505646741,59.339224943532585
2021-08-24,56339.19,38485.31,R&D,17853.880000000005,31.68998347331583,68.31001652668417
2021-08-25,29748.57,21265.62,Operations,8482.95,28.515488307505205,71.4845116924948
2021-08-26,51864.54,30174.13,Tech,21690.41,41.821271334904345,58.17872866509565
2021-08-27,43382.14,27073.26,Tech,16308.880000000001,37.593535035385536,62.40646496461447
2021-08-28,58524.33,31402.16,R&D,27122.170000000002,46.34340965543732,53.65659034456268
2021-08-29,42074.79,23323.94,HR,18750.850000000002,44.565522489832986,55.434477510167014
2021-08-30,48852.64,34408.64,Tech,14444.0,29.566467646374896,70.43353235362511
2021-08-31,55049.87,30521.38,R&D,24528.49,44.55685363108033,55.44314636891967
2021-09-01,58657.55,38570.21,Operations,20087.340000000004,34.24510570250548,65.75489429749453
2021-09-02,37997.04,27081.02,R&D,10916.02,28.72860622827462,71.27139377172537
2021-09-03,46654.99,24823.4,Tech,21831.589999999997,46.79368702040232,53.20631297959768
2021-09-04,45250.55,30326.63,Operations,14923.920000000002,32.98063780440238,67.01936219559762
2021-09-05,43466.71,25078.94,R&D,18387.77,42.30310966714527,57.69689033285472
2021-09-06,67654.54,53371.18,Marketing,14283.359999999993,21.11219734847062,78.88780265152938
2021-09-07,54049.82,34865.58,Operations,19184.239999999998,35.4936242155848,64.5063757844152
2021-09-08,37391.16,27736.68,Marketing,9654.480000000003,25.820220608293514,74.17977939170648
2021-09-09,59178.62,39357.8,HR,19820.82,33.49321089271767,66.50678910728233
2021-09-10,71221.56,36538.35,Operations,34683.21,48.69762751616224,51.30237248383776
2021-09-11,60324.65,41620.72,Marketing,18703.93,31.00545133705707,68.99454866294292
2021-09-12,34806.3,27337.6,Tech,7468.700000000004,21.457896989912754,78.54210301008723
2021-09-13,45157.66,30729.04,Tech,14428.620000000003,31.95165559951512,68.04834440048488
2021-09-14,62669.11,46735.91,HR,15933.199999999997,25.424327870620782,74.57567212937921
2021-09-15,42923.31,32847.58,Operations,10075.729999999996,23.473795473834606,76.5262045261654
2021-09-16,54438.19,30943.97,Operations,23494.22,43.157606819771196,56.842393180228804
2021-09-17,57746.34,32546.61,Operations,25199.729999999996,43.63866177492807,56.36133822507193
2021-09-18,40730.7,27831.06,HR,12899.639999999996,31.670558080268684,68.32944191973131
2021-09-19,49404.75,30794.4,Operations,18610.35,37.66915124557861,62.33084875442139
2021-09-20,17587.33,13224.94,Tech,4362.390000000001,24.804162996884692,75.1958370031153
2021-09-21,39756.12,30612.49,Marketing,9143.630000000001,22.999301742725397,77.0006982572746
2021-09-22,47474.32,28770.69,Tech,18703.63,39.39736261625232,60.60263738374767
2021-09-23,37522.17,21427.45,Tech,16094.719999999998,42.893894462926845,57.10610553707315
2021-09-24,66324.11,48692.35,Marketing,17631.760000000002,26.584239125108507,73.4157608748915
2021-09-25,35698.59,20792.35,Tech,14906.239999999998,41.755822849025684,58.24417715097431
2021-09-26,45599.56,34053.04,HR,11546.519999999997,25.321560120316946,74.67843987968305
2021-09-27,51307.41,32175.98,Marketing,19131.430000000004,37.28784984469106,62.71215015530894
2021-09-28,64412.73,45105.98,Tech,19306.75,29.973500579776697,70.0264994202233
2021-09-29,35641.38,18842.19,R&D,16799.19,47.133949358863205,52.86605064113679
2021-09-30,61631.64,42350.66,Tech,19280.979999999996,31.28422349299807,68.71577650700192
2021-10-01,50102.33,31841.55,HR,18260.780000000002,36.44696763603609,63.553032363963915
2021-10-02,40184.91,27164.3,Operations,13020.610000000004,32.40173985707571,67.59826014292429
2021-10-03,54621.03,30063.65,Tech,24557.379999999997,44.95956960167173,55.04043039832827
2021-10-04,51990.6,37488.45,Operations,14502.150000000001,27.893792339384433,72.10620766061557
2021-10-05,43997.83,33387.27,R&D,10610.560000000005,24.116098453037356,75.88390154696265
2021-10-06,50698.02,28645.49,Tech,22052.529999999995,43.49781312958573,56.50218687041427
2021-10-07,46146.86,24398.51,Marketing,21748.350000000002,47.12855869283415,52.87144130716585
2021-10-08,51135.17,25930.21,Operations,25204.96,49.29085011353243,50.70914988646757
2021-10-09,56621.31,39215.44,R&D,17405.869999999995,30.740846511675546,69.25915348832446
2021-10-10,65860.17,44925.08,Marketing,20935.089999999997,31.78717880624966,68.21282119375034
2021-10-11,37621.85,24981.26,Marketing,12640.59,33.59906543670766,66.40093456329234
2021-10-12,71330.33,40628.62,Marketing,30701.71,43.041592545555304,56.958407454444696
2021-10-13,30479.12,18813.9,Marketing,11665.219999999998,38.27282414977859,61.72717585022141
2021-10-14,48482.15,32887.52,Tech,15594.630000000005,32.16571459805311,67.83428540194689
2021-10-15,55883.17,36269.86,Tech,19613.309999999998,35.0969889503405,64.9030110496595
2021-10-16,52809.92,42054.42,Tech,10755.5,20.366438729693208,79.63356127030679
2021-10-17,43773.0,23678.21,R&D,20094.79,45.9068147031275,54.093185296872505
2021-10-18,47918.78,33952.53,R&D,13966.25,29.145671070924596,70.85432892907541
2021-10-19,45069.99,28001.79,R&D,17068.199999999997,37.8704321878039,62.12956781219611
2021-10-20,44106.35,27719.07,HR,16387.28,37.154015238168654,62.84598476183135
2021-10-21,58496.02,41840.99,R&D,16655.03,28.47207382656119,71.5279261734388
2021-10-22,53570.15,37913.25,Tech,15656.900000000001,29.22691088227306,70.77308911772694
2021-10-23,43070.9,34343.74,Tech,8727.160000000003,20.262311676793388,79.73768832320661
2021-10-24,58996.0,31770.42,HR,27225.58,46.14817953759577,53.851820462404234
2021-10-25,53073.0,28194.12,HR,24878.88,46.876716974732915,53.123283025267085
2021-10-26,58128.62,41695.75,R&D,16432.870000000003,28.269843667370743,71.73015633262926
2021-10-27,56296.29,37916.46,Operations,18379.83,32.64838588830632,67.35161411169368
2021-10-28,41710.05,24285.6,HR,17424.450000000004,41.77518367875369,58.22481632124631
2021-10-29,44398.19,23256.92,Marketing,21141.270000000004,47.61741413332391,52.38258586667609
2021-10-30,57472.94,30213.38,Tech,27259.56,47.430251523586584,52.56974847641342
2021-10-31,56103.7,43102.07,Marketing,13001.629999999997,23.174282623071203,76.8257173769288
2021-11-01,49790.98,27761.47,Tech,22029.510000000002,44.24397752363983,55.75602247636018
2021-11-02,51173.27,30551.03,Tech,20622.239999999998,40.29885133390928,59.70114866609072
2021-11-03,62776.65,35656.94,HR,27119.71,43.20031412953701,56.79968587046299
2021-11-04,44084.29,26737.07,HR,17347.22,39.3501176949884,60.6498823050116
2021-11-05,55470.97,28890.79,Marketing,26580.18,47.91727997545382,52.08272002454617
2021-11-06,47978.07,31460.08,Tech,16517.989999999998,34.42820855444998,65.57179144555002
2021-11-07,47823.19,24881.63,Marketing,22941.56,47.97162213562082,52.02837786437918
2021-11-08,60987.77,45137.47,Operations,15850.299999999996,25.98930900408393,74.01069099591608
2021-11-09,58254.16,33211.49,Marketing,25042.670000000006,42.98863806464638,57.01136193535362
2021-11-10,58135.1,38485.64,R&D,19649.46,33.79964943725907,66.20035056274092
2021-11-11,63054.79,48175.36,Marketing,14879.43,23.597620418686667,76.40237958131333
2021-11-12,50210.04,34909.19,R&D,15300.849999999999,30.473686139266164,69.52631386073384
2021-11-13,56819.53,37494.49,R&D,19325.04,34.0112633807425,65.9887366192575
2021-11-14,46897.33,28011.78,R&D,18885.550000000003,40.2699897840666,59.73001021593339
2021-11-15,53241.66,31939.7,Operations,21301.960000000003,40.009947097817765,59.990052902182235
2021-11-16,48698.57,34130.2,Marketing,14568.370000000003,29.915395873020508,70.08460412697949
2021-11-17,50969.96,40686.35,Marketing,10283.61,20.175825133078387,79.82417486692161
2021-11-18,55951.57,39085.07,Operations,16866.5,30.14481988619801,69.85518011380198
2021-11-19,41817.79,27906.48,Tech,13911.310000000001,33.26648777948333,66.73351222051667
2021-11-20,70923.87,51008.1,HR,19915.769999999997,28.08048968563052,71.91951031436949
2021-11-21,39939.83,25543.98,Marketing,14395.850000000002,36.0438439522652,63.9561560477348
2021-11-22,37858.11,19612.12,HR,18245.99,48.195723452649915,51.80427654735009
2021-11-23,61581.11,41178.61,Operations,20402.5,33.131101404310506,66.86889859568949
2021-11-24,57916.63,45597.04,Tech,12319.589999999997,21.271247999063476,78.72875200093652
2021-11-25,56241.2,31078.37,Tech,25162.829999999998,44.740919468290144,55.25908053170985
2021-11-26,56283.46,39792.49,Tech,16490.97,29.299851146322563,70.70014885367743
2021-11-27,49877.53,27945.39,Operations,21932.14,43.971984980010035,56.028015019989965
2021-11-28,41027.46,27108.82,R&D,13918.64,33.9251808422944,66.0748191577056
2021-11-29,50758.05,26851.16,R&D,23906.890000000003,47.09970142667025,52.90029857332974
2021-11-30,43228.38,27454.83,HR,15773.549999999996,36.488876057812014,63.511123942187986
2021-12-01,59751.2,43430.1,R&D,16321.099999999999,27.315099947783473,72.68490005221653
2021-12-02,48529.43,29324.95,R&D,19204.48,39.57285300898857,60.42714699101144
2021-12-03,41745.03,29199.54,Tech,12545.489999999998,30.052655369992543,69.94734463000746
2021-12-04,46786.14,34557.88,Tech,12228.260000000002,26.13650110908915,73.86349889091085
2021-12-05,54129.31,42120.9,HR,12008.409999999996,22.18467222286779,77.81532777713221
2021-12-06,44362.75,25304.19,Marketing,19058.56,42.96072718665998,57.03927281334001
2021-12-07,41777.8,25893.66,HR,15884.140000000003,38.02052764865551,61.97947235134449
2021-12-08,52436.87,28616.1,HR,23820.770000000004,45.42752075018971,54.57247924981029
2021-12-09,52449.67,41841.46,Operations,10608.21,20.225503802025827,79.77449619797417
2021-12-10,44930.57,34960.49,Operations,9970.080000000002,22.189969991477966,77.81003000852203
2021-12-11,45289.62,29981.15,HR,15308.470000000001,33.80127720214919,66.1987227978508
2021-12-12,52320.5,39376.93,HR,12943.57,24.739002876501562,75.26099712349844
2021-12-13,35519.16,23310.78,HR,12208.380000000005,34.3712520228519,65.6287479771481
2021-12-14,35925.36,24683.44,R&D,11241.920000000002,31.292435204546322,68.70756479545368
2021-12-15,42815.56,22552.55,Operations,20263.01,47.32627577450815,52.67372422549186
2021-12-16,47865.53,34778.19,HR,13087.339999999997,27.34188882897567,72.65811117102433
2021-12-17,53109.08,28589.36,Tech,24519.72,46.16860243107205,53.831397568927954
2021-12-18,64753.56,48424.03,Tech,16329.529999999999,25.21796485011789,74.7820351498821
2021-12-19,58576.6,43030.86,R&D,15545.739999999998,26.539164103071872,73.46083589692812
2021-12-20,48400.61,34491.41,R&D,13909.199999999997,28.73765433948043,71.26234566051957
2021-12-21,49809.84,25445.26,Marketing,24364.579999999998,48.91519426683563,51.08480573316437
2021-12-22,39974.71,23622.6,Marketing,16352.11,40.906137905690876,59.093862094309124
2021-12-23,49814.87,28839.51,Marketing,20975.360000000004,42.10662398597046,57.89337601402954
2021-12-24,47113.41,28646.88,R&D,18466.530000000002,39.19591046370874,60.80408953629126
2021-12-25,53227.19,28013.09,R&D,25214.100000000002,47.370714103074015,52.62928589692598
2021-12-26,41727.69,32592.97,R&D,9134.720000000001,21.891266926110696,78.1087330738893
2021-12-27,55193.47,36766.62,Tech,18426.85,33.385924095730886,66.61407590426911
2021-12-28,65327.39,38651.43,R&D,26675.96,40.83426568855728,59.16573431144272
2021-12-29,48912.4,30281.4,Tech,18631.0,38.09054554673252,61.90945445326748
2021-12-30,54017.12,34255.54,Marketing,19761.58,36.58392006089921,63.41607993910079
2021-12-31,56901.44,38703.12,Marketing,18198.32,31.982178306911035,68.01782169308896
2022-01-01,45987.8,30108.39,Marketing,15879.410000000003,34.529614375986675,65.47038562401332
2022-01-02,52240.92,40529.42,HR,11711.5,22.418249908309427,77.58175009169057
2022-01-03,50125.92,32536.19,HR,17589.73,35.0910866074877,64.9089133925123
2022-01-04,50976.76,40661.48,Operations,10315.279999999999,20.235260145995937,79.76473985400406
2022-01-05,42269.9,31931.84,Operations,10338.060000000001,24.4572615501811,75.5427384498189
2022-01-06,50245.1,28265.54,Operations,21979.559999999998,43.74468356118308,56.25531643881693
2022-01-07,54979.98,42839.22,HR,12140.760000000002,22.08214699241433,77.91785300758566
2022-01-08,64511.44,34507.81,HR,30003.630000000005,46.50900677461238,53.49099322538762
2022-01-09,59592.71,44410.57,Operations,15182.14,25.476505431620744,74.52349456837925
2022-01-10,71531.82,43933.91,Operations,27597.910000000003,38.581305494533765,61.41869450546624
2022-01-11,42326.52,32311.74,R&D,10014.779999999995,23.660768709546627,76.33923129045337
2022-01-12,58723.21,44654.13,Operations,14069.080000000002,23.95829519537505,76.04170480462494
2022-01-13,51833.42,38448.87,R&D,13384.549999999996,25.822239782750195,74.1777602172498
2022-01-14,71898.03,52989.5,Tech,18908.53,26.299093313126935,73.70090668687305
2022-01-15,41917.02,24789.88,HR,17127.139999999996,40.85963172000299,59.14036827999701
2022-01-16,41602.78,21811.33,Operations,19791.449999999997,47.57242184296337,52.42757815703663
2022-01-17,44006.07,27323.11,HR,16682.96,37.910588243849084,62.089411756150916
2022-01-18,28761.04,15877.74,HR,12883.300000000001,44.794277258402346,55.20572274159766
2022-01-19,44742.45,31699.37,HR,13043.079999999998,29.151465778025116,70.84853422197487
2022-01-20,42408.67,25607.62,Tech,16801.05,39.61701699204431,60.38298300795568
2022-01-21,51503.94,40826.3,Marketing,10677.64,20.731695478054686,79.26830452194531
2022-01-22,53417.56,36980.53,Operations,16437.03,30.770836406604868,69.22916359339513
2022-01-23,68761.71,51347.41,Marketing,17414.300000000003,25.32557727258383,74.67442272741617
2022-01-24,59504.24,32117.85,Marketing,27386.39,46.02426650605066,53.97573349394934
2022-01-25,44230.96,33553.8,Marketing,10677.159999999996,24.139561971976182,75.86043802802381
2022-01-26,41015.85,31862.23,HR,9153.619999999999,22.317274907139556,77.68272509286045
2022-01-27,54919.19,35484.31,R&D,19434.880000000005,35.388140283933545,64.61185971606646
2022-01-28,36797.67,25091.44,HR,11706.23,31.812421819098873,68.18757818090113
2022-01-29,68314.59,49831.6,HR,18482.989999999998,27.055699229110502,72.9443007708895
2022-01-30,61794.4,34138.41,Marketing,27655.989999999998,44.75484833577153,55.24515166422847
2022-01-31,45308.24,29485.24,HR,15822.999999999996,34.92300738232162,65.07699261767837
2022-02-01,32868.65,20365.38,Marketing,12503.27,38.04010812734931,61.95989187265069
2022-02-02,63538.72,34559.48,R&D,28979.239999999998,45.60878783834487,54.39121216165513
2022-02-03,48854.6,29814.02,Operations,19040.579999999998,38.97397583850855,61.02602416149144
2022-02-04,62378.16,32464.82,Marketing,29913.340000000004,47.954829061966564,52.045170938033436
2022-02-05,34055.72,17291.57,R&D,16764.15,49.22565137368994,50.774348626310065
2022-02-06,44006.25,23787.57,Operations,20218.68,45.94501917341287,54.054980826587126
2022-02-07,50052.44,39488.1,Tech,10564.340000000004,21.10654345722207,78.89345654277793
2022-02-08,50469.81,33555.3,Marketing,16914.509999999995,33.514114675684326,66.48588532431567
2022-02-09,45499.35,35932.96,Marketing,9566.39,21.025333328937666,78.97466667106234
2022-02-10,56228.5,35409.86,Tech,20818.64,37.02506735907947,62.974932640920535
2022-02-11,39323.8,23340.44,Tech,15983.360000000004,40.64551238690056,59.35448761309944
2022-02-12,48576.21,31664.04,Marketing,16912.17,34.815746226393536,65.18425377360647
2022-02-13,51202.96,32352.77,Tech,18850.19,36.814648996854864,63.18535100314513
2022-02-14,55144.39,29320.24,HR,25824.149999999998,46.830058325062616,53.169941674937384
2022-02-15,57116.15,39538.53,Operations,17577.620000000003,30.77521856777812,69.22478143222189
2022-02-16,38753.58,21888.47,Operations,16865.11,43.51884393648277,56.481156063517226
2022-02-17,34658.86,23771.69,Operations,10887.170000000002,31.412371901441656,68.58762809855834
2022-02-18,62776.77,43633.64,HR,19143.129999999997,30.493970938613117,69.50602906138688
2022-02-19,53323.14,29093.5,Tech,24229.64,45.43925957848694,54.56074042151307
2022-02-20,42515.13,22040.05,R&D,20475.079999999998,48.1595140365324,51.8404859634676
2022-02-21,65511.52,48100.42,Tech,17411.1,26.577157727373752,73.42284227262626
2022-02-22,51156.75,32634.94,Marketing,18521.81,36.20599432137499,63.79400567862501
2022-02-23,61792.97,31974.72,Operations,29818.25,48.25508468034471,51.74491531965529
2022-02-24,50675.18,40462.1,Tech,10213.080000000002,20.154008333073513,79.84599166692648
2022-02-25,70607.48,36527.66,R&D,34079.81999999999,48.26658591979206,51.73341408020794
2022-02-26,67553.41,47862.3,Marketing,19691.11,29.148950437883148,70.85104956211686
2022-02-27,47510.36,37775.66,HR,9734.699999999997,20.489636365626353,79.51036363437365
2022-02-28,59715.71,34142.7,HR,25573.010000000002,42.82459339426761,57.17540660573239
2022-03-01,56453.76,30636.03,R&D,25817.730000000003,45.73252516749992,54.267474832500085
2022-03-02,63686.32,34162.33,Marketing,29523.989999999998,46.35844872179771,53.64155127820229
2022-03-03,40350.77,23846.6,Operations,16504.17,40.90174735203318,59.09825264796682
2022-03-04,56860.51,30153.91,Tech,26706.600000000002,46.96862550124858,53.03137449875142
2022-03-05,60584.24,42872.34,Marketing,17711.9,29.23516082730427,70.76483917269573
2022-03-06,32412.61,16812.02,HR,15600.59,48.131236577369116,51.868763422630884
2022-03-07,38167.41,24916.7,R&D,13250.710000000003,34.71734131291592,65.28265868708408
2022-03-08,29607.68,23656.8,R&D,5950.880000000001,20.099109420258532,79.90089057974147
2022-03-09,47305.93,35204.65,Tech,12101.279999999999,25.58089440372486,74.41910559627513
2022-03-10,57175.42,39140.34,R&D,18035.08,31.54341498497082,68.45658501502918
2022-03-11,65023.57,38485.9,R&D,26537.67,40.812385416549716,59.18761458345028
2022-03-12,50740.95,34867.6,Marketing,15873.349999999999,31.28311551123895,68.71688448876105
2022-03-13,66286.16,43623.75,Operations,22662.410000000003,34.18875071357279,65.81124928642721
2022-03-14,36198.99,22726.63,Tech,13472.359999999997,37.217502477279055,62.782497522720945
2022-03-15,32966.18,17775.8,Marketing,15190.380000000001,46.07867820900086,53.92132179099913
2022-03-16,49444.52,37873.58,Operations,11570.939999999995,23.401865363441683,76.59813463655831
2022-03-17,53840.65,34185.33,Marketing,19655.32,36.50646862547164,63.49353137452836
2022-03-18,49673.05,27736.77,Marketing,21936.280000000002,44.16133094303652,55.83866905696348
2022-03-19,29325.58,17898.22,R&D,11427.36,38.96720883269828,61.032791167301724
2022-03-20,49108.8,30655.62,Operations,18453.180000000004,37.5761167041345,62.4238832958655
2022-03-21,36955.3,27652.22,Tech,9303.080000000002,25.17387221859923,74.82612778140077
2022-03-22,56696.73,40826.43,Tech,15870.300000000003,27.99156141809237,72.00843858190763
2022-03-23,53665.98,39218.64,Operations,14447.340000000004,26.920853769930233,73.07914623006977
2022-03-24,40601.2,20434.96,R&D,20166.239999999998,49.66907382047821,50.33092617952178
2022-03-25,44861.33,28031.43,HR,16829.9,37.51538351627114,62.484616483728864
2022-03-26,39407.86,25394.55,Marketing,14013.310000000001,35.55968276379382,64.44031723620618
2022-03-27,49373.21,24970.88,R&D,24402.329999999998,49.42423229115546,50.57576770884453
2022-03-28,59551.42,34417.38,Operations,25134.04,42.205609874626,57.79439012537401
2022-03-29,40142.74,29227.41,Marketing,10915.329999999998,27.191292871388445,72.80870712861154
2022-03-30,55040.47,29784.21,Tech,25256.260000000002,45.8867084528893,54.1132915471107
2022-03-31,44697.42,29526.8,HR,15170.619999999999,33.94070619735994,66.05929380264006
2022-04-01,42071.27,23751.78,Tech,18319.489999999998,43.54394340841149,56.45605659158851
2022-04-02,48929.7,24642.77,Operations,24286.929999999997,49.63637627044514,50.36362372955485
2022-04-03,39647.58,22692.71,Marketing,16954.870000000003,42.76394675286613,57.23605324713387
2022-04-04,44463.51,35248.99,Operations,9214.520000000004,20.723780016467444,79.27621998353256
2022-04-05,38021.22,28153.24,Marketing,9867.98,25.95387523072642,74.04612476927358
2022-04-06,69647.25,54873.19,R&D,14774.059999999998,21.21269684014803,78.78730315985197
2022-04-07,50352.64,32545.74,HR,17806.899999999998,35.36438208602369,64.6356179139763
2022-04-08,43002.74,22917.06,R&D,20085.679999999997,46.70790744961832,53.292092550381675
2022-04-09,52139.8,34641.05,R&D,17498.75,33.56121427393277,66.43878572606722
2022-04-10,48876.72,31100.9,Operations,17775.82,36.36868431433206,63.63131568566794
2022-04-11,47790.3,36000.77,HR,11789.530000000006,24.669294815056624,75.33070518494338
2022-04-12,56141.67,29722.79,Marketing,26418.879999999997,47.05752429523382,52.94247570476618
2022-04-13,57575.08,37220.7,Marketing,20354.380000000005,35.352760256694395,64.6472397433056
2022-04-14,44694.99,24359.42,Tech,20335.57,45.49854469147437,54.50145530852563
2022-04-15,44241.82,26430.19,Marketing,17811.63,40.259713547046665,59.74028645295334
2022-04-16,47249.48,34076.66,Operations,13172.82,27.879290946694013,72.12070905330599
2022-04-17,26980.79,17343.4,R&D,9637.39,35.71945076478487,64.28054923521513
2022-04-18,34848.09,21353.74,R&D,13494.349999999995,38.723356143765685,61.276643856234315
2022-04-19,63668.74,39369.11,R&D,24299.629999999997,38.16571523168198,61.834284768318014
2022-04-20,66449.68,42383.87,HR,24065.80999999999,36.21659276613521,63.7834072338648
2022-04-21,47509.64,34943.58,Marketing,12566.059999999998,26.44949530242704,73.55050469757296
2022-04-22,55765.57,42807.07,Operations,12958.5,23.237456373170758,76.76254362682924
2022-04-23,53112.5,41778.31,HR,11334.190000000002,21.339967051070843,78.66003294892916
2022-04-24,80788.81,59466.3,Tech,21322.509999999995,26.392900204867477,73.60709979513253
2022-04-25,61195.75,36388.34,Operations,24807.410000000003,40.537798785046355,59.462201214953645
2022-04-26,48720.82,34418.36,Operations,14302.46,29.35595090558821,70.6440490944118
2022-04-27,40444.6,25531.9,Operations,14912.699999999997,36.871918624488806,63.1280813755112
2022-04-28,33935.54,19560.49,R&D,14375.05,42.359868150027964,57.64013184997204
2022-04-29,52034.64,39143.65,Operations,12890.989999999998,24.773862181039398,75.22613781896061
2022-04-30,42436.49,21707.45,Marketing,20729.039999999997,48.84720673175373,51.15279326824626
2022-05-01,35777.46,27567.56,Operations,8209.899999999998,22.94712928195573,77.05287071804428
2022-05-02,43534.27,27794.16,R&D,15740.109999999997,36.155676895466485,63.844323104533515
2022-05-03,39184.52,27082.79,Operations,12101.729999999996,30.88395621536259,69.11604378463741
2022-05-04,66871.42,46663.29,Tech,20208.129999999997,30.219382211414082,69.78061778858591
2022-05-05,58816.4,45202.48,Tech,13613.919999999998,23.146469352085468,76.85353064791452
2022-05-06,49920.27,34494.95,R&D,15425.32,30.899913001271827,69.10008699872817
2022-05-07,64799.44,44334.49,Marketing,20464.950000000004,31.581985893705262,68.41801410629475
2022-05-08,50773.68,26402.09,Marketing,24371.59,48.00044038564863,51.99955961435138
2022-05-09,41387.16,27130.21,HR,14256.950000000004,34.44776109305399,65.55223890694602
2022-05-10,65231.24,35554.33,R&D,29676.909999999996,45.49493463561324,54.50506536438676
2022-05-11,55389.1,39948.29,Operations,15440.809999999998,27.876983016514078,72.12301698348593
2022-05-12,39627.54,25903.2,R&D,13724.34,34.633338329858475,65.36666167014153
2022-05-13,48096.61,33863.3,HR,14233.309999999998,29.593166753332508,70.40683324666749
2022-05-14,41243.82,21137.53,R&D,20106.29,48.74982482224004,51.25017517775996
2022-05-15,36172.0,19006.13,R&D,17165.87,47.45623686829592,52.54376313170408
2022-05-16,59261.78,42366.07,HR,16895.71,28.510297868204432,71.48970213179557
2022-05-17,69094.17,36041.27,Marketing,33052.9,47.83746588170898,52.16253411829101
2022-05-18,36014.32,18777.04,Operations,17237.28,47.86229477607796,52.13770522392204
2022-05-19,55629.69,28016.92,HR,27612.770000000004,49.6367497284274,50.3632502715726
2022-05-20,43493.57,34227.28,Tech,9266.29,21.304965308665167,78.69503469133483
2022-05-21,45128.75,32549.22,Marketing,12579.529999999999,27.874758330332654,72.12524166966733
2022-05-22,44076.06,26709.01,Tech,17367.05,39.402455664140575,60.597544335859425
2022-05-23,41360.09,24359.47,Marketing,17000.619999999995,41.10392409687696,58.89607590312305
2022-05-24,50485.22,30539.06,Operations,19946.16,39.50890973635452,60.491090263645475
2022-05-25,41690.5,30533.96,Operations,11156.54,26.760389057459133,73.23961094254086
2022-05-26,52704.57,36809.46,R&D,15895.11,30.15888375524172,69.84111624475828
2022-05-27,49497.62,27498.83,Tech,21998.79,44.444136910017086,55.555863089982914
2022-05-28,47610.52,26292.09,Marketing,21318.429999999997,44.77672161530686,55.22327838469313
2022-05-29,40924.36,21670.21,Operations,19254.15,47.04813954329402,52.95186045670598
2022-05-30,44232.29,30878.16,HR,13354.130000000001,30.190908044779054,69.80909195522095
2022-05-31,57553.91,41974.75,Operations,15579.160000000003,27.0688125272462,72.9311874727538
2022-06-01,55009.17,31878.58,HR,23130.589999999997,42.04860753216236,57.951392467837636
2022-06-02,40224.45,20364.97,Marketing,19859.479999999996,49.371663254562826,50.628336745437174
2022-06-03,50993.32,26753.72,Operations,24239.6,47.534853584744035,52.46514641525596
2022-06-04,57513.87,45456.55,Operations,12057.32,20.964195245425145,79.03580475457485
2022-06-05,33305.95,19605.0,Marketing,13700.949999999997,41.13664375284296,58.86335624715704
2022-06-06,55433.6,40509.04,Operations,14924.559999999998,26.923310050222245,73.07668994977774
2022-06-07,43373.76,29815.08,HR,13558.68,31.26009827139727,68.73990172860273
2022-06-08,55705.99,34235.89,Operations,21470.1,38.541815700609575,61.458184299390425
2022-06-09,42367.41,23798.04,Tech,18569.370000000003,43.82937262391069,56.170627376089314
2022-06-10,31951.18,17139.12,R&D,14812.060000000001,46.358413053915385,53.641586946084615
2022-06-11,33724.58,23084.61,HR,10639.970000000001,31.549599728150806,68.4504002718492
2022-06-12,50480.85,36971.68,Tech,13509.169999999998,26.760979658623018,73.23902034137699
2022-06-13,52597.23,36458.89,Marketing,16138.340000000004,30.682870561814763,69.31712943818523
2022-06-14,40956.83,26994.26,HR,13962.570000000003,34.09094405011326,65.90905594988673
2022-06-15,56385.92,28902.6,R&D,27483.32,48.74145886065174,51.25854113934826
2022-06-16,33384.8,26392.24,R&D,6992.560000000001,20.945340394431,79.054659605569
2022-06-17,49339.2,36491.98,Marketing,12847.219999999994,26.0385656840808,73.96143431591919
2022-06-18,37889.84,22273.41,Marketing,15616.429999999997,41.21534955016964,58.78465044983036
2022-06-19,43481.64,34524.04,HR,8957.599999999999,20.600878899691914,79.3991211003081
2022-06-20,50473.99,34350.8,Operations,16123.189999999995,31.943561426390097,68.0564385736099
2022-06-21,41395.87,27930.9,Marketing,13464.970000000001,32.52732700146174,67.47267299853826
2022-06-22,46154.44,33435.29,Operations,12719.150000000001,27.557803756258338,72.44219624374166
2022-06-23,60062.93,44658.65,Tech,15404.279999999999,25.64690067567466,74.35309932432533
2022-06-24,44231.08,30826.57,R&D,13404.510000000002,30.305635765620014,69.69436423437998
2022-06-25,58356.92,31421.04,Operations,26935.879999999997,46.157130979496515,53.84286902050348
2022-06-26,38702.93,23279.05,R&D,15423.880000000001,39.85196986378034,60.14803013621965
2022-06-27,55298.04,43045.38,Operations,12252.660000000003,22.15749418966749,77.84250581033251
2022-06-28,64415.69,36548.48,Tech,27867.21,43.26152525883057,56.73847474116943
2022-06-29,25283.55,15464.69,Marketing,9818.859999999999,38.83497372797728,61.16502627202273
2022-06-30,42031.05,26463.72,Tech,15567.330000000002,37.037689993469115,62.962310006530885
2022-07-01,55770.72,35237.14,Marketing,20533.58,36.81784993989678,63.18215006010321
2022-07-02,47969.55,32805.51,Marketing,15164.04,31.61180373799629,68.3881962620037
2022-07-03,53711.46,42051.92,R&D,11659.54,21.707732390815668,78.29226760918434
2022-07-04,43960.15,25154.34,Tech,18805.81,42.77922163595893,57.22077836404107
2022-07-05,50865.9,27287.03,Operations,23578.870000000003,46.35496472096238,53.64503527903762
2022-07-06,48443.23,27091.45,Tech,21351.780000000002,44.07588015910582,55.92411984089417
2022-07-07,61677.82,47249.99,R&D,14427.830000000002,23.392250244901653,76.60774975509834
2022-07-08,52544.21,36452.19,Marketing,16092.019999999997,30.6256769299605,69.3743230700395
2022-07-09,53376.03,31266.19,R&D,22109.84,41.42278846890636,58.577211531093646
2022-07-10,45881.23,34171.61,HR,11709.620000000003,25.521591291253532,74.47840870874647
2022-07-11,45123.94,34222.49,HR,10901.450000000004,24.15890545018898,75.84109454981103
2022-07-12,45674.42,34436.43,Operations,11237.989999999998,24.604559838964562,75.39544016103544
2022-07-13,53944.52,41843.58,R&D,12100.939999999995,22.432195151611314,77.56780484838869
2022-07-14,45790.16,26360.13,Operations,19430.030000000002,42.43276284686492,57.56723715313509
2022-07-15,52897.75,38430.88,Operations,14466.870000000003,27.34874356659783,72.65125643340217
2022-07-16,70754.01,45152.51,HR,25601.499999999993,36.183814882011625,63.816185117988375
2022-07-17,58711.25,44186.06,Operations,14525.190000000002,24.740045561966404,75.25995443803359
2022-07-18,46739.76,33584.72,HR,13155.04,28.14528786626204,71.85471213373795
2022-07-19,62012.14,45450.82,Marketing,16561.32,26.706577131510056,73.29342286848994
2022-07-20,45919.25,31998.76,R&D,13920.490000000002,30.315151053207533,69.68484894679247
2022-07-21,29618.75,16385.94,Operations,13232.810000000001,44.677138636843225,55.32286136315678
2022-07-22,39919.14,26486.67,HR,13432.470000000001,33.64919685143518,66.35080314856482
2022-07-23,31292.08,24889.75,Tech,6402.330000000002,20.459905509636947,79.54009449036306
2022-07-24,46484.87,36314.74,Operations,10170.130000000005,21.878366014576365,78.12163398542363
2022-07-25,50184.18,25742.08,Marketing,24442.1,48.70479103175542,51.29520896824458
2022-07-26,66764.37,36683.31,Marketing,30081.059999999998,45.0555588257629,54.9444411742371
2022-07-27,53269.27,28739.76,Tech,24529.51,46.04814370461619,53.95185629538381
2022-07-28,47808.99,34317.0,HR,13491.989999999998,28.220612901464765,71.77938709853524
2022-07-29,58294.06,43448.64,Operations,14845.419999999998,25.46643688911014,74.53356311088986
2022-07-30,27888.65,15730.69,HR,12157.960000000001,43.59465230479066,56.40534769520934
2022-07-31,52356.15,34123.42,Marketing,18232.730000000003,34.82442845778386,65.17557154221615
2022-08-01,57708.65,43409.08,HR,14299.57,24.778902296276208,75.2210977037238
2022-08-02,35214.14,25348.56,Marketing,9865.579999999998,28.015961769902653,71.98403823009734
2022-08-03,61437.54,40712.89,HR,20724.65,33.73287732549188,66.26712267450813
2022-08-04,53384.96,36147.19,Tech,17237.769999999997,32.28956245354496,67.71043754645504
2022-08-05,45847.12,29915.62,R&D,15931.500000000004,34.74918380914658,65.25081619085343
2022-08-06,56327.82,33191.99,Tech,23135.83,41.07354057018362,58.92645942981638
2022-08-07,72706.93,48677.77,Tech,24029.159999999996,33.049339313322676,66.95066068667732
2022-08-08,51818.66,36618.46,R&D,15200.200000000004,29.333448607123387,70.66655139287661
2022-08-09,52482.21,39991.28,R&D,12490.93,23.80031252494893,76.19968747505106
2022-08-10,45406.39,31370.7,Operations,14035.689999999999,30.91126601343996,69.08873398656004
2022-08-11,41501.56,30227.1,Operations,11274.46,27.166352300973745,72.83364769902624
2022-08-12,58303.36,31951.49,Tech,26351.87,45.197858236643654,54.802141763356346
2022-08-13,41439.16,26457.55,Tech,14981.610000000004,36.153266620269335,63.84673337973066
2022-08-14,50715.66,25499.81,Marketing,25215.850000000002,49.7200470229511,50.2799529770489
2022-08-15,45223.43,25958.41,Marketing,19265.02,42.599643591828396,57.400356408171604
2022-08-16,54789.8,39335.71,Operations,15454.090000000004,28.206144209323636,71.79385579067636
2022-08-17,53336.62,42538.25,Operations,10798.370000000003,20.245696108977288,79.75430389102272
2022-08-18,60375.4,31984.08,Marketing,28391.32,47.02464911205557,52.97535088794443
2022-08-19,44899.84,27858.03,Marketing,17041.809999999998,37.95516865984377,62.04483134015623
2022-08-20,47301.25,35003.93,HR,12297.32,25.99787532041965,74.00212467958035
2022-08-21,40212.36,22567.61,HR,17644.75,43.87892180414181,56.12107819585819
2022-08-22,45557.07,30364.95,Marketing,15192.119999999999,33.34744749826975,66.65255250173024
2022-08-23,53773.0,38712.33,HR,15060.669999999998,28.007866401353837,71.99213359864616
2022-08-24,57569.89,39423.61,R&D,18146.28,31.520435422058302,68.4795645779417
2022-08-25,40778.35,22689.38,Operations,18088.969999999998,44.35924945467386,55.640750545326135
2022-08-26,58696.06,35605.93,Operations,23090.129999999997,39.33846667050565,60.661533329494354
2022-08-27,63556.38,46722.68,Marketing,16833.699999999997,26.486247328749684,73.51375267125032
2022-08-28,54134.35,36067.98,Tech,18066.369999999995,33.37320943171941,66.6267905682806
2022-08-29,68767.96,34491.87,Marketing,34276.090000000004,49.843110076262256,50.15688992373774
2022-08-30,42262.11,30779.38,HR,11482.73,27.170271432259298,72.8297285677407
2022-08-31,37553.45,19174.54,Tech,18378.909999999996,48.94066989850466,51.059330101495334
2022-09-01,32212.8,23313.05,HR,8899.75,27.62799259921522,72.37200740078478
2022-09-02,64960.44,36426.19,R&D,28534.25,43.92557993757431,56.07442006242569
2022-09-03,56543.66,44523.72,HR,12019.940000000002,21.257803262116393,78.7421967378836
2022-09-04,49444.15,30179.83,R&D,19264.32,38.9617780869931,61.03822191300689
2022-09-05,52799.69,31578.41,R&D,21221.280000000002,40.19205415789373,59.80794584210627
2022-09-06,38745.11,21103.16,HR,17641.95,45.53335891935782,54.46664108064218
2022-09-07,74457.52,44055.12,HR,30402.4,40.831872992815235,59.168127007184765
2022-09-08,51292.21,39135.71,R&D,12156.5,23.700480053403822,76.29951994659618
2022-09-09,51093.95,40818.97,Tech,10274.979999999996,20.109973881447797,79.8900261185522
2022-09-10,57257.67,34955.4,R&D,22302.269999999997,38.9507117561717,61.0492882438283
2022-09-11,54810.09,34781.56,Operations,20028.53,36.54168420449592,63.45831579550407
2022-09-12,52238.84,37435.46,R&D,14803.379999999997,28.337880397037914,71.6621196029621
2022-09-13,42095.26,32239.02,Tech,9856.240000000002,23.41413261255543,76.58586738744458
2022-09-14,54714.68,37091.81,Operations,17622.870000000003,32.20866867904555,67.79133132095444
2022-09-15,68820.24,42493.59,Marketing,26326.65000000001,38.254225791714774,61.74577420828523
2022-09-16,63454.2,39581.88,Marketing,23872.32,37.62133948580236,62.378660514197634
2022-09-17,65931.87,46724.96,Tech,19206.909999999996,29.13145038962189,70.86854961037811
2022-09-18,44887.84,22487.26,R&D,22400.579999999998,49.90344823898856,50.09655176101144
2022-09-19,40103.95,27506.37,HR,12597.579999999998,31.412317240571063,68.58768275942893
2022-09-20,48742.13,29569.31,Tech,19172.819999999996,39.33521165365567,60.66478834634433
2022-09-21,50557.25,37324.35,Operations,13232.900000000001,26.174089769518716,73.82591023048128
2022-09-22,60941.92,32171.07,Operations,28770.85,47.21027824525384,52.789721754746154
2022-09-23,33075.35,22374.17,Marketing,10701.18,32.353943344514875,67.64605665548513
2022-09-24,65295.5,42069.36,Operations,23226.14,35.57081269000161,64.4291873099984
2022-09-25,48419.92,33540.37,Tech,14879.549999999996,30.73022425481082,69.26977574518918
2022-09-26,45731.19,23755.34,Operations,21975.850000000002,48.05440225806501,51.94559774193499
2022-09-27,39878.96,26878.23,Tech,13000.73,32.60047403442818,67.39952596557181
2022-09-28,33451.43,22360.45,HR,11090.98,33.155473473032394,66.84452652696761
2022-09-29,58231.71,38910.31,Marketing,19321.4,33.18020370688067,66.81979629311932
2022-09-30,50733.18,34551.64,Operations,16181.54,31.895378921644575,68.10462107835542
2022-10-01,37100.39,26079.36,Tech,11021.029999999999,29.705968050470627,70.29403194952938
2022-10-02,37049.21,27471.87,R&D,9577.34,25.850321774742298,74.1496782252577
2022-10-03,46642.15,27096.58,Marketing,19545.57,41.90537957619878,58.094620423801224
2022-10-04,66690.22,49851.93,HR,16838.29,25.248514699756576,74.75148530024343
2022-10-05,47404.09,30787.85,Tech,16616.239999999998,35.05233409184735,64.94766590815266
2022-10-06,34968.57,18292.67,HR,16675.9,47.688252622283386,52.311747377716614
2022-10-07,47542.57,24606.38,HR,22936.19,48.243479475341786,51.75652052465822
2022-10-08,47272.76,28376.49,Operations,18896.27,39.97285117264149,60.0271488273585
2022-10-09,23031.13,16938.68,Operations,6092.450000000001,26.453109335060855,73.54689066493914
2022-10-10,49457.05,35228.47,Tech,14228.580000000002,28.769568747023932,71.23043125297606
2022-10-11,47690.65,35128.19,R&D,12562.46,26.341557517039497,73.6584424829605
2022-10-12,56962.06,37320.44,Tech,19641.619999999995,34.48193411544455,65.51806588455544
2022-10-13,68489.56,43289.49,R&D,25200.07,36.79403109028588,63.20596890971413
2022-10-14,61265.65,33342.96,HR,27922.690000000002,45.57642006573015,54.42357993426985
2022-10-15,47311.11,28313.7,Marketing,18997.41,40.1542259312876,59.8457740687124
2022-10-16,38934.74,24536.9,Tech,14397.839999999997,36.97941735324288,63.02058264675712
2022-10-17,75733.6,39879.81,Tech,35853.79000000001,47.341985591600036,52.658014408399964
2022-10-18,50592.18,28644.46,R&D,21947.72,43.381645147530705,56.61835485246929
2022-10-19,50139.29,34068.02,HR,16071.270000000004,32.05324606710626,67.94675393289373
2022-10-20,49758.75,35861.08,HR,13897.669999999998,27.93010274574823,72.06989725425177
2022-10-21,51980.85,41558.91,R&D,10421.939999999995,20.04957594960451,79.9504240503955
2022-10-22,48556.4,37870.79,HR,10685.61,22.006594393324054,77.99340560667595
2022-10-23,44263.38,30664.32,Operations,13599.059999999998,30.723049166150435,69.27695083384955
2022-10-24,44531.41,27893.34,Marketing,16638.070000000003,37.362549265787905,62.637450734212095
2022-10-25,49672.47,34316.39,Tech,15356.080000000002,30.914669634910446,69.08533036508955
2022-10-26,44565.75,32786.82,Marketing,11778.93,26.430453879941435,73.56954612005856
2022-10-27,42871.54,22957.75,Tech,19913.79,46.4499059282685,53.5500940717315
2022-10-28,51064.3,31811.6,Operations,19252.700000000004,37.702856986191925,62.297143013808075
2022-10-29,47450.23,35679.76,HR,11770.470000000001,24.80592823259234,75.19407176740765
2022-10-30,65039.93,40009.31,R&D,25030.620000000003,38.485004519531316,61.514995480468684
2022-10-31,23490.3,15775.19,Operations,7715.109999999999,32.84381212670762,67.15618787329238
2022-11-01,60915.07,41198.74,Marketing,19716.33,32.36691675803705,67.63308324196295
2022-11-02,62460.85,34687.19,R&D,27773.659999999996,44.46570932031824,55.53429067968175
2022-11-03,29266.1,17813.42,HR,11452.68,39.1329217080513,60.86707829194871
2022-11-04,46573.12,27960.33,Operations,18612.79,39.964662019637075,60.035337980362925
2022-11-05,46285.59,23506.55,R&D,22779.039999999997,49.21410745763422,50.78589254236579
2022-11-06,35924.88,18223.17,Operations,17701.71,49.27423557155932,50.72576442844068
2022-11-07,42221.83,31645.65,Operations,10576.18,25.04908006119109,74.95091993880891
2022-11-08,38894.24,22633.38,HR,16260.859999999997,41.807887234716496,58.1921127652835
2022-11-09,67522.7,44255.97,Tech,23266.729999999996,34.45764165236283,65.54235834763716
2022-11-10,59356.78,34997.81,R&D,24358.97,41.03822680408203,58.961773195917964
2022-11-11,62715.55,49056.34,HR,13659.210000000006,21.77962243813537,78.22037756186462
2022-11-12,57216.72,33059.19,Operations,24157.53,42.22110250290474,57.77889749709526
2022-11-13,38709.48,24344.28,HR,14365.200000000004,37.11028926247525,62.88971073752475
2022-11-14,44754.8,34095.06,Tech,10659.740000000005,23.81809325480173,76.18190674519826
2022-11-15,54893.75,41311.94,R&D,13581.809999999998,24.74199703973585,75.25800296026415
2022-11-16,37778.72,20998.56,Tech,16780.16,44.416962776928386,55.58303722307162
2022-11-17,57129.98,42321.49,Marketing,14808.490000000005,25.920698729458692,74.07930127054131
2022-11-18,47596.75,30340.84,R&D,17255.91,36.254387116767425,63.745612883232575
2022-11-19,46251.79,29827.35,Tech,16424.440000000002,35.510928333800706,64.4890716661993
2022-11-20,57109.6,30841.7,Operations,26267.899999999998,45.99559443596173,54.00440556403827
2022-11-21,54442.63,28537.76,R&D,25904.87,47.58195921100799,52.418040788992
2022-11-22,46390.34,33325.98,R&D,13064.359999999993,28.161811273640147,71.83818872635985
2022-11-23,61593.3,39970.25,HR,21623.050000000003,35.106172262242815,64.89382773775719
2022-11-24,39189.37,24730.66,Operations,14458.710000000003,36.8944690868978,63.10553091310219
2022-11-25,56159.36,40370.29,Marketing,15789.07,28.114761279330818,71.8852387206692
2022-11-26,55931.01,40810.28,Tech,15120.730000000003,27.03460924449604,72.96539075550396
2022-11-27,46904.54,25688.32,HR,21216.22,45.23276424840751,54.767235751592494
2022-11-28,53261.33,36381.09,Tech,16880.240000000005,31.693237851927474,68.30676214807252
2022-11-29,37488.86,20266.71,Marketing,17222.15,45.9393803919351,54.0606196080649
2022-11-30,59240.27,42973.63,Marketing,16266.64,27.458753986097634,72.54124601390237
2022-12-01,48150.98,33565.4,R&D,14585.580000000002,30.29134609513659,69.70865390486341
2022-12-02,44772.77,35235.47,Marketing,9537.299999999996,21.301563427949613,78.69843657205038
2022-12-03,60490.09,31496.43,Tech,28993.659999999996,47.9312561776648,52.06874382233519
2022-12-04,42956.56,22213.54,Operations,20743.019999999997,48.28836387271234,51.71163612728766
2022-12-05,35915.39,20998.15,Operations,14917.239999999998,41.534395143697445,58.465604856302555
2022-12-06,34433.71,19920.3,R&D,14513.41,42.14884193425571,57.85115806574429
2022-12-07,56060.1,32183.75,Tech,23876.35,42.59063041271778,57.40936958728222
2022-12-08,37195.71,28710.49,Tech,8485.219999999998,22.812361963247906,77.18763803675209
2022-12-09,67547.94,38830.87,Marketing,28717.07,42.51361329449869,57.48638670550131
2022-12-10,29180.71,16971.06,Tech,12209.649999999998,41.84151105302098,58.15848894697903
2022-12-11,66964.56,48738.11,HR,18226.449999999997,27.21805384818477,72.78194615181523
2022-12-12,52110.17,33085.89,Marketing,19024.28,36.50780644162167,63.49219355837834
2022-12-13,49032.87,35941.74,HR,13091.130000000005,26.69868192500256,73.30131807499744
2022-12-14,44550.81,23149.04,R&D,21401.769999999997,48.03901432993025,51.960985670069746
2022-12-15,53991.36,34893.07,Operations,19098.29,35.3728633618416,64.6271366381584
2022-12-16,49623.65,25312.23,R&D,24311.420000000002,48.99159977147993,51.00840022852007
2022-12-17,61033.02,31663.68,Operations,29369.339999999997,48.12041088577953,51.87958911422047
2022-12-18,51142.28,39478.32,R&D,11663.96,22.8068830720883,77.1931169279117
2022-12-19,51503.02,27902.98,Tech,23600.039999999997,45.82263331354161,54.177366686458384
2022-12-20,46363.88,30587.47,HR,15776.409999999996,34.027372169887414,65.97262783011259
2022-12-21,49430.54,30811.47,Operations,18619.07,37.66713857465445,62.33286142534554
2022-12-22,53078.02,32069.9,Marketing,21008.119999999995,39.57969796160444,60.420302038395555
2022-12-23,32898.32,25330.06,HR,7568.259999999998,23.005004510868634,76.99499548913137
2022-12-24,36518.15,18498.16,Marketing,18019.99,49.34529815995608,50.65470184004393
2022-12-25,57432.64,40153.28,HR,17279.36,30.086306323372913,69.91369367662709
2022-12-26,51708.65,40799.07,HR,10909.580000000002,21.098172162684584,78.90182783731542
2022-12-27,48160.17,32173.42,R&D,15986.75,33.194961728748055,66.80503827125195
2022-12-28,50184.34,39196.32,Operations,10988.019999999997,21.895316347689334,78.10468365231067
2022-12-29,53475.82,27576.27,Operations,25899.55,48.43226340428253,51.56773659571747
2022-12-30,44602.4,27904.96,HR,16697.440000000002,37.43619177443367,62.56380822556633
2022-12-31,42216.95,24403.4,Tech,17813.549999999996,42.195255697060055,57.80474430293994
2023-01-01,51958.45,37370.92,Tech,14587.529999999999,28.07537561262894,71.92462438737107
2023-01-02,40216.27,31947.37,Marketing,8268.899999999998,20.56108137328499,79.43891862671502
2023-01-03,54082.53,31203.4,Marketing,22879.129999999997,42.30410448623613,57.69589551376387
2023-01-04,32974.16,22958.34,R&D,10015.820000000003,30.374754049837822,69.62524595016218
2023-01-05,60291.56,33728.86,HR,26562.699999999997,44.057078635882036,55.94292136411797
2023-01-06,54725.97,36644.46,Marketing,18081.510000000002,33.040090472585504,66.9599095274145
2023-01-07,52560.3,33595.48,Marketing,18964.82,36.08202388494738,63.917976115052625
2023-01-08,59826.91,47359.08,HR,12467.830000000002,20.83983612056849,79.16016387943151
2023-01-09,66654.74,45495.74,R&D,21159.000000000007,31.744179033629127,68.25582096637088
2023-01-10,60143.7,36378.03,Marketing,23765.67,39.514812025199646,60.48518797480036
2023-01-11,31591.26,16876.96,R&D,14714.3,46.57712291310951,53.42287708689049
2023-01-12,37204.23,20290.22,Operations,16914.010000000002,45.462599279705564,54.537400720294436
2023-01-13,43751.81,24833.31,R&D,18918.499999999996,43.240496793161235,56.759503206838765
2023-01-14,50260.91,28914.6,Tech,21346.310000000005,42.47099783907614,57.52900216092386
2023-01-15,55176.59,41668.52,Tech,13508.07,24.481523776659632,75.51847622334037
2023-01-16,42742.56,28567.71,R&D,14174.849999999999,33.163315440160815,66.83668455983918
2023-01-17,51867.67,34077.96,Tech,17789.71,34.29826325339079,65.70173674660921
2023-01-18,42446.17,22684.53,Operations,19761.64,46.5569449493323,53.44305505066771
2023-01-19,43884.82,33266.53,HR,10618.29,24.19581531837205,75.80418468162794
2023-01-20,35933.39,25758.65,Tech,10174.739999999998,28.31555831498224,71.68444168501776
2023-01-21,40767.67,21211.44,Tech,19556.23,47.96994775516972,52.03005224483028
2023-01-22,36483.15,25988.79,R&D,10494.36,28.764950394908332,71.23504960509166
2023-01-23,40241.27,26682.44,Operations,13558.829999999998,33.69384216750614,66.30615783249387
2023-01-24,60536.42,31752.42,HR,28784.0,47.54823625182989,52.45176374817011
2023-01-25,40506.01,25822.18,R&D,14683.830000000002,36.250990902337705,63.74900909766229
2023-01-26,76323.82,49260.07,R&D,27063.750000000007,35.45911355065824,64.54088644934176
2023-01-27,54933.18,30198.55,Operations,24734.63,45.02675796303801,54.973242036962
2023-01-28,51848.36,40634.05,HR,11214.309999999998,21.629054419464758,78.37094558053525
2023-01-29,41416.42,31269.09,Operations,10147.329999999998,24.500741493349736,75.49925850665026
2023-01-30,57003.1,39942.45,HR,17060.65,29.92933717639918,70.07066282360081
2023-01-31,44243.62,28257.9,Operations,15985.720000000001,36.13113031890248,63.868869681097515
2023-02-01,51220.1,31937.25,R&D,19282.85,37.64703700305154,62.35296299694847
2023-02-02,75600.85,52564.67,R&D,23036.180000000008,30.47079497122057,69.52920502877943
2023-02-03,49039.4,32544.0,Marketing,16495.4,33.637034710865144,66.36296528913486
2023-02-04,61492.73,31895.17,Tech,29597.560000000005,48.131803548159276,51.86819645184072
2023-02-05,42968.24,28090.52,Operations,14877.719999999998,34.624922966358405,65.37507703364159
2023-02-06,49650.12,36836.47,Marketing,12813.650000000001,25.807893314255836,74.19210668574416
2023-02-07,67708.01,43182.27,Tech,24525.739999999998,36.22280436243806,63.77719563756193
2023-02-08,43730.33,22546.79,Operations,21183.54,48.44129920812397,51.55870079187602
2023-02-09,68124.49,50131.69,HR,17992.800000000003,26.41164726517586,73.58835273482414
2023-02-10,57077.52,31986.76,Tech,25090.76,43.95909282673809,56.040907173261914
2023-02-11,44375.33,25630.58,R&D,18744.75,42.241376007795324,57.75862399220468
2023-02-12,56324.08,30945.12,Marketing,25378.960000000003,45.05880966009565,54.94119033990435
2023-02-13,59725.54,35779.45,Tech,23946.090000000004,40.093551268017,59.906448731983
2023-02-14,56218.1,40871.99,Tech,15346.11,27.297454022814716,72.70254597718528
2023-02-15,34297.75,22493.0,R&D,11804.75,34.418438527308645,65.58156147269135
2023-02-16,42728.63,23990.6,Operations,18738.03,43.85357077912397,56.14642922087603
2023-02-17,47524.81,36278.02,HR,11246.79,23.665091980378254,76.33490801962175
2023-02-18,49255.67,37625.15,R&D,11630.519999999997,23.61255059569791,76.38744940430209
2023-02-19,56206.72,42783.07,HR,13423.650000000001,23.882642502533507,76.1173574974665
2023-02-20,51777.01,29597.75,Operations,22179.260000000002,42.836115874593766,57.16388412540624
2023-02-21,36646.56,23284.19,Tech,13362.369999999999,36.462822158478176,63.53717784152182
2023-02-22,53801.98,42799.31,HR,11002.670000000006,20.45030684744317,79.54969315255683
2023-02-23,56105.86,41047.26,Marketing,15058.599999999999,26.839620674204085,73.16037932579592
2023-02-24,55597.9,28252.09,Marketing,27345.81,49.184969216463216,50.815030783536784
2023-02-25,60807.81,31593.39,R&D,29214.42,48.04386147108406,51.95613852891594
2023-02-26,58339.22,37289.23,Operations,21049.989999999998,36.08205594795405,63.91794405204595
2023-02-27,54591.8,42186.69,R&D,12405.11,22.72339435592891,77.27660564407108
2023-02-28,49298.34,32616.3,R&D,16682.039999999997,33.83894873539352,66.16105126460647
2023-03-01,33390.39,21681.84,R&D,11708.55,35.06562816427122,64.93437183572878
2023-03-02,54296.18,28866.14,Marketing,25430.04,46.83578108073165,53.16421891926836
2023-03-03,52076.88,36299.36,Marketing,15777.519999999997,30.296592268968492,69.7034077310315
2023-03-04,52715.79,39359.24,R&D,13356.550000000003,25.336905697514922,74.66309430248508
2023-03-05,37232.51,22865.45,Marketing,14367.060000000001,38.587406543367614,61.41259345663239
2023-03-06,39189.43,28713.45,Operations,10475.98,26.731646773122243,73.26835322687776
2023-03-07,60531.53,47780.14,R&D,12751.39,21.0656991488568,78.9343008511432
2023-03-08,49604.45,27834.54,Marketing,21769.909999999996,43.88701013719535,56.11298986280465
2023-03-09,56815.01,37327.4,HR,19487.61,34.30010836924961,65.6998916307504
2023-03-10,50283.18,29473.05,R&D,20810.13,41.3858670036382,58.6141329963618
2023-03-11,50297.56,37112.37,R&D,13185.189999999995,26.214373023263942,73.78562697673605
2023-03-12,59382.84,39981.16,Operations,19401.679999999993,32.672199578194636,67.32780042180536
2023-03-13,44839.55,30956.09,Tech,13883.460000000003,30.962531961181593,69.0374680388184
2023-03-14,50961.21,37679.41,Tech,13281.799999999996,26.062567980626827,73.93743201937318
2023-03-15,45377.25,28079.04,Operations,17298.21,38.12088656760822,61.87911343239178
2023-03-16,45655.04,35361.06,Operations,10293.980000000003,22.547302554110132,77.45269744588987
2023-03-17,46908.28,30955.18,Operations,15953.099999999999,34.009134421471,65.990865578529
2023-03-18,52221.34,28585.25,Tech,23636.089999999997,45.261362500464365,54.738637499535635
2023-03-19,45212.51,32045.26,Operations,13167.250000000004,29.12302369410591,70.87697630589409
2023-03-20,62557.56,46166.13,Marketing,16391.43,26.202156861616725,73.79784313838327
2023-03-21,41053.93,24428.26,R&D,16625.670000000002,40.49714607103388,59.50285392896612
2023-03-22,48131.28,36442.78,R&D,11688.5,24.284623222154075,75.71537677784592
2023-03-23,45602.69,35198.12,HR,10404.57,22.815693547902548,77.18430645209745
2023-03-24,64469.78,37590.48,HR,26879.299999999996,41.69286757299311,58.30713242700689
2023-03-25,51965.55,41315.55,R&D,10650.0,20.494346735481486,79.50565326451851
2023-03-26,60318.45,32705.48,Marketing,27612.969999999998,45.77864650036597,54.22135349963403
2023-03-27,35144.4,19702.12,Tech,15442.280000000002,43.9395181024573,56.0604818975427
2023-03-28,52670.5,29246.21,Tech,23424.29,44.47326302199524,55.52673697800476
2023-03-29,58896.31,45243.96,Marketing,13652.349999999999,23.180314692040977,76.81968530795902
2023-03-30,50822.84,35387.32,Tech,15435.519999999997,30.371226794881984,69.62877320511802
2023-03-31,60654.8,33095.16,Operations,27559.64,45.43686567262607,54.56313432737393
2023-04-01,44827.12,28335.09,R&D,16492.030000000002,36.790295695998324,63.209704304001676
2023-04-02,64093.47,43877.71,R&D,20215.760000000002,31.541060267137983,68.45893973286202
2023-04-03,72988.98,38322.08,Marketing,34666.899999999994,47.49607406487938,52.50392593512062
2023-04-04,46371.61,35461.53,Tech,10910.080000000002,23.527498829564042,76.47250117043596
2023-04-05,45544.97,33752.51,HR,11792.46,25.891904199300164,74.10809580069983
2023-04-06,64533.84,42047.8,HR,22486.039999999994,34.84379668093514,65.15620331906486
2023-04-07,65795.72,51987.7,Tech,13808.020000000004,20.986197886427878,79.01380211357211
2023-04-08,44771.4,27996.82,HR,16774.58,37.46717770719701,62.53282229280299
2023-04-09,45798.13,36420.19,Marketing,9377.939999999995,20.476687585279127,79.52331241472088
2023-04-10,47182.15,33045.25,Marketing,14136.900000000001,29.962390437909253,70.03760956209074
2023-04-11,36555.49,25237.96,Tech,11317.529999999999,30.959864031367108,69.0401359686329
2023-04-12,40813.48,22438.7,HR,18374.780000000002,45.021350789004025,54.97864921099597
2023-04-13,39958.59,30551.47,Marketing,9407.119999999995,23.542172033597772,76.45782796640222
2023-04-14,42322.02,26588.68,Marketing,15733.339999999997,37.17530495945136,62.82469504054864
2023-04-15,49653.15,27243.19,Operations,22409.960000000003,45.13300767423618,54.86699232576382
2023-04-16,52342.15,26369.05,Operations,25973.100000000002,49.621767542984,50.37823245701599
2023-04-17,65505.0,43752.54,Marketing,21752.46,33.20732768490955,66.79267231509046
2023-04-18,40016.46,26339.63,Tech,13676.829999999998,34.17801074857696,65.82198925142305
2023-04-19,59843.22,42836.14,R&D,17007.08,28.419393207785276,71.58060679221472
2023-04-20,47860.11,36712.41,R&D,11147.699999999997,23.29225737258021,76.70774262741979
2023-04-21,49505.36,25932.0,Marketing,23573.36,47.61779330561377,52.38220669438623
2023-04-22,56748.19,40827.43,Marketing,15920.760000000002,28.055097440112185,71.94490255988781
2023-04-23,38772.78,21566.33,Marketing,17206.449999999997,44.377653601315146,55.622346398684854
2023-04-24,53824.1,40769.23,Tech,13054.869999999995,24.25469260052652,75.74530739947349
2023-04-25,51664.52,38527.22,Operations,13137.299999999996,25.4280887541392,74.5719112458608
2023-04-26,54924.51,36373.1,Marketing,18551.410000000003,33.77619572755406,66.22380427244595
2023-04-27,52891.69,37715.63,Marketing,15176.060000000005,28.692711463747905,71.3072885362521
2023-04-28,74553.0,44307.22,HR,30245.78,40.569500891982884,59.43049910801712
2023-04-29,43622.6,27977.37,Tech,15645.23,35.86496449088317,64.13503550911683
2023-04-30,44690.03,33360.71,Marketing,11329.32,25.35088922518065,74.64911077481935
2023-05-01,43768.59,27914.71,HR,15853.879999999997,36.22204873403507,63.77795126596494
2023-05-02,44445.23,26993.34,R&D,17451.890000000003,39.2660584724165,60.73394152758349
2023-05-03,43626.13,28281.24,Marketing,15344.889999999996,35.173621863777505,64.8263781362225
2023-05-04,61890.17,46323.23,Marketing,15566.939999999995,25.152524221536304,74.84747577846369
2023-05-05,64205.04,38559.13,HR,25645.910000000003,39.94376453935704,60.05623546064296
2023-05-06,44292.54,24455.17,Tech,19837.370000000003,44.78715828895792,55.21284171104208
2023-05-07,41676.44,29740.48,Marketing,11935.960000000003,28.6395862986378,71.3604137013622
2023-05-08,54714.16,40914.89,R&D,13799.270000000004,25.220655859470387,74.77934414052962
2023-05-09,44477.77,23581.72,Marketing,20896.049999999996,46.980885057861485,53.019114942138515
2023-05-10,56329.32,32218.24,R&D,24111.079999999998,42.803783180766246,57.19621681923375
2023-05-11,52029.23,28230.62,Operations,23798.610000000004,45.74084605903259,54.25915394096741
2023-05-12,34842.56,21058.23,Operations,13784.329999999998,39.56176010029114,60.43823989970887
2023-05-13,65475.05,41583.55,R&D,23891.5,36.48947194389313,63.51052805610687
2023-05-14,67958.78,49246.19,Tech,18712.589999999997,27.535205899811615,72.46479410018839
2023-05-15,43872.11,30506.22,Marketing,13365.89,30.465573686790993,69.53442631320901
2023-05-16,46122.98,31653.21,Marketing,14469.770000000004,31.37214898083342,68.62785101916657
2023-05-17,52858.65,32017.14,Operations,20841.510000000002,39.42875953131607,60.57124046868393
2023-05-18,53344.57,40138.28,R&D,13206.29,24.756577848504545,75.24342215149545
2023-05-19,56585.44,36293.12,Marketing,20292.32,35.86138059543232,64.13861940456768
2023-05-20,70102.05,55642.2,Marketing,14459.850000000006,20.626857559800328,79.37314244019967
2023-05-21,48230.53,33290.77,Tech,14939.760000000002,30.975732590954326,69.02426740904568
2023-05-22,42017.03,22600.1,HR,19416.93,46.21204782917784,53.78795217082216
2023-05-23,36206.81,25448.07,Operations,10758.739999999998,29.71468627034527,70.28531372965473
2023-05-24,42690.7,25509.03,Operations,17181.67,40.24686875595855,59.75313124404145
2023-05-25,49668.73,35061.07,HR,14607.660000000003,29.410174167932222,70.58982583206777
2023-05-26,67945.58,35392.33,Marketing,32553.25,47.9107691773328,52.0892308226672
2023-05-27,44823.89,24763.6,Tech,20060.29,44.75356779610159,55.24643220389841
2023-05-28,52237.88,39529.51,Tech,12708.369999999995,24.327882371949237,75.67211762805076
2023-05-29,49835.77,28314.39,Operations,21521.379999999997,43.184604150793696,56.815395849206304
2023-05-30,61883.93,46481.78,Tech,15402.150000000001,24.88877160839656,75.11122839160343
2023-05-31,75269.32,43940.94,HR,31328.380000000005,41.62171253838881,58.37828746161118
2023-06-01,44691.31,30965.03,Marketing,13726.279999999999,30.713532451834595,69.2864675481654
2023-06-02,45105.61,31945.83,HR,13159.779999999999,29.175483936477075,70.82451606352292
2023-06-03,60441.61,39516.51,R&D,20925.1,34.620355083195165,65.37964491680484
2023-06-04,56818.91,33613.68,Operations,23205.230000000003,40.84068138582736,59.15931861417264
2023-06-05,68467.07,38601.28,Tech,29865.790000000008,43.62066318888775,56.37933681111226
2023-06-06,55839.28,28475.62,R&D,27363.66,49.00432097261999,50.99567902738001
2023-06-07,46407.08,27435.12,Tech,18971.960000000003,40.88160685826387,59.11839314173613
2023-06-08,55906.55,38908.1,Marketing,16998.450000000004,30.40511353320855,69.59488646679145
2023-06-09,61087.04,47739.0,Marketing,13348.04,21.85085412552319,78.14914587447682
2023-06-10,58204.82,44314.9,Marketing,13889.919999999998,23.8638655698961,76.1361344301039
2023-06-11,55072.74,40193.16,Tech,14879.579999999994,27.01804921999522,72.98195078000478
2023-06-12,60666.75,44683.14,R&D,15983.61,26.3465736997614,73.6534263002386
2023-06-13,61692.96,43153.95,Marketing,18539.010000000002,30.05044659876913,69.94955340123087
2023-06-14,63821.59,36894.37,R&D,26927.219999999994,42.1913963597585,57.80860364024149
2023-06-15,56487.1,43616.99,Tech,12870.11,22.78415779886027,77.21584220113972
2023-06-16,48328.82,33889.12,R&D,14439.699999999997,29.878031369274062,70.12196863072595
2023-06-17,51467.14,34386.85,Tech,17080.29,33.186786753645144,66.81321324635485
2023-06-18,62065.09,33099.12,Tech,28965.969999999994,46.670310153421184,53.32968984657882
2023-06-19,41830.64,26525.51,Operations,15305.130000000001,36.58832377415215,63.41167622584785
2023-06-20,53686.73,34257.9,Tech,19428.83,36.189259431520604,63.810740568479396
2023-06-21,46066.61,34981.56,Tech,11085.050000000003,24.063090381514947,75.93690961848505
2023-06-22,50287.45,33390.59,HR,16896.86,33.60055043554605,66.39944956445395
2023-06-23,62784.52,38557.24,Marketing,24227.28,38.58798315253505,61.41201684746495
2023-06-24,51910.99,41167.5,Operations,10743.489999999998,20.695983644311152,79.30401635568884
2023-06-25,50464.37,26908.42,Operations,23555.950000000004,46.678379220824525,53.32162077917548
2023-06-26,36401.44,22815.13,Operations,13586.310000000001,37.32355093644647,62.67644906355353
2023-06-27,57462.54,29455.72,HR,28006.82,48.73926561547749,51.26073438452251
2023-06-28,56454.84,40758.77,Tech,15696.07,27.802877485792184,72.1971225142078
2023-06-29,71632.55,55545.52,Marketing,16087.030000000006,22.45770951892681,77.5422904810732
2023-06-30,46922.22,27403.1,R&D,19519.120000000003,41.598884281263764,58.40111571873624
2023-07-01,52191.5,39535.19,Tech,12656.309999999998,24.24975331232097,75.75024668767904
2023-07-02,52493.84,30848.82,HR,21645.019999999997,41.2334475816591,58.7665524183409
2023-07-03,65774.53,50858.91,Tech,14915.619999999995,22.67689332025633,77.32310667974367
2023-07-04,49047.04,35617.4,Tech,13429.64,27.38114267446109,72.61885732553891
2023-07-05,52790.22,39142.47,HR,13647.75,25.852800007274073,74.14719999272592
2023-07-06,56078.97,28342.42,Operations,27736.550000000003,49.45980641227897,50.54019358772103
2023-07-07,51866.09,40914.21,Operations,10951.879999999997,21.115684640966766,78.88431535903324
2023-07-08,45535.66,32694.66,Marketing,12841.000000000004,28.199876755931513,71.80012324406849
2023-07-09,51940.9,30719.16,Marketing,21221.74,40.85747455280906,59.14252544719094
2023-07-10,60736.32,45480.47,Operations,15255.849999999999,25.118166527046746,74.88183347295325
2023-07-11,39734.85,23223.29,R&D,16511.559999999998,41.55435342023438,58.44564657976563
2023-07-12,51329.7,39104.31,Tech,12225.39,23.81738058083332,76.18261941916668
2023-07-13,42998.79,22951.64,R&D,20047.15,46.62259100779348,53.37740899220652
2023-07-14,61950.47,44053.34,Tech,17897.130000000005,28.889417626694364,71.11058237330563
2023-07-15,34768.13,23023.79,Operations,11744.339999999997,33.779038446991535,66.22096155300846
2023-07-16,44410.78,23491.54,Marketing,20919.239999999998,47.103968901244244,52.896031098755756
2023-07-17,53772.12,30788.2,Marketing,22983.920000000002,42.743191081177386,57.256808918822614
2023-07-18,65655.24,33071.94,R&D,32583.300000000003,49.62787433265037,50.372125667349636
2023-07-19,49342.5,31610.31,Marketing,17732.19,35.93695090439276,64.06304909560724
2023-07-20,44448.0,26241.19,Operations,18206.81,40.962045536357095,59.037954463642905
2023-07-21,68811.57,46757.96,R&D,22053.610000000008,32.0492760156468,67.9507239843532
2023-07-22,35519.86,20927.28,Tech,14592.580000000002,41.082875889713534,58.917124110286466
2023-07-23,28011.94,16526.36,Marketing,11485.579999999998,41.00244395782655,58.99755604217345
2023-07-24,54400.14,39329.01,HR,15071.129999999997,27.704211790631415,72.29578820936858
2023-07-25,44979.46,23139.36,Marketing,21840.1,48.55571854353076,51.44428145646924
2023-07-26,39787.67,30671.06,Tech,9116.609999999997,22.913153748384858,77.08684625161514
2023-07-27,57083.56,43136.86,R&D,13946.699999999997,24.432078167514426,75.56792183248558
2023-07-28,52438.01,36724.51,Tech,15713.5,29.96585873491385,70.03414126508615
2023-07-29,44359.21,30074.06,HR,14285.149999999998,32.203346272397546,67.79665372760245
2023-07-30,37196.96,28555.76,Operations,8641.2,23.2309306997131,76.7690693002869
2023-07-31,58724.57,32627.32,Marketing,26097.25,44.44008700276562,55.55991299723437
2023-08-01,56502.01,29589.58,R&D,26912.43,47.630924988332275,52.36907501166773
2023-08-02,49008.24,28025.51,Operations,20982.73,42.81469809974813,57.18530190025187
2023-08-03,68466.37,50553.75,Tech,17912.619999999995,26.162654745680246,73.83734525431976
2023-08-04,39299.15,20058.33,R&D,19240.82,48.95988844542439,51.04011155457561
2023-08-05,34744.75,23447.22,Operations,11297.529999999999,32.515790155347204,67.48420984465278
2023-08-06,43080.92,34405.77,R&D,8675.150000000001,20.136872657315585,79.86312734268441
2023-08-07,49544.14,37490.49,HR,12053.650000000001,24.329113392623228,75.67088660737677
2023-08-08,52433.39,34419.04,HR,18014.35,34.356638012533615,65.64336198746639
2023-08-09,47587.64,24702.38,Marketing,22885.26,48.090764744795074,51.90923525520492
2023-08-10,53520.55,40108.95,Marketing,13411.600000000006,25.058785830863105,74.9412141691369
2023-08-11,37484.61,25478.05,HR,12006.560000000001,32.03063870745888,67.96936129254112
2023-08-12,64437.65,34440.63,R&D,29997.020000000004,46.552008026363474,53.44799197363652
2023-08-13,49178.49,25973.97,HR,23204.519999999997,47.18428727681553,52.81571272318447
2023-08-14,61172.96,47279.85,Marketing,13893.11,22.711194619322004,77.288805380678
2023-08-15,53427.25,37439.68,HR,15987.57,29.923999457205824,70.07600054279418
2023-08-16,54567.53,40859.4,HR,13708.129999999997,25.121404615528682,74.87859538447131
2023-08-17,55697.67,42535.96,R&D,13161.71,23.630629432074983,76.36937056792502
2023-08-18,54477.09,36583.09,Operations,17894.0,32.84683524762428,67.15316475237572
2023-08-19,56427.23,36973.03,Marketing,19454.200000000004,34.47661705173194,65.52338294826806
2023-08-20,63291.53,39818.49,R&D,23473.04,37.08717422378635,62.91282577621365
2023-08-21,51965.21,30923.66,HR,21041.55,40.49160967501141,59.50839032498858
2023-08-22,57090.04,35988.35,HR,21101.690000000002,36.9621215889847,63.0378784110153
2023-08-23,49102.64,35951.18,Operations,13151.46,26.783610820110688,73.2163891798893
2023-08-24,64401.17,43829.96,Marketing,20571.21,31.942292352763157,68.05770764723684
2023-08-25,43236.08,33194.8,Marketing,10041.279999999999,23.22430710647218,76.77569289352782
2023-08-26,68009.4,43050.9,Tech,24958.499999999993,36.6986034283496,63.30139657165039
2023-08-27,49598.42,33832.42,Marketing,15766.0,31.78730290198761,68.2126970980124
2023-08-28,35692.25,24605.96,Operations,11086.29,31.060776499099944,68.93922350090006
2023-08-29,51281.04,34743.37,Tech,16537.67,32.24909245210315,67.75090754789684
2023-08-30,43189.48,30698.66,Tech,12490.820000000003,28.920977978896715,71.07902202110327
2023-08-31,58406.44,33363.51,HR,25042.93,42.877001234795344,57.122998765204656
2023-09-01,43473.76,28419.19,HR,15054.570000000003,34.629095803997636,65.37090419600237
2023-09-02,45538.17,24192.95,Marketing,21345.219999999998,46.87324940813388,53.12675059186612
2023-09-03,31104.59,19140.32,Tech,11964.27,38.46464460711426,61.53535539288574
2023-09-04,45476.94,29391.75,HR,16085.190000000002,35.369991912384606,64.63000808761538
2023-09-05,25761.21,17921.23,Operations,7839.98,30.43327545561719,69.56672454438282
2023-09-06,34160.97,26821.8,HR,7339.170000000002,21.484079638253835,78.51592036174615
2023-09-07,57604.15,39182.07,HR,18422.08,31.980473629070126,68.01952637092987
2023-09-08,57858.0,41835.86,Tech,16022.14,27.69217739984099,72.30782260015901
2023-09-09,54254.58,35367.47,Tech,18887.11,34.81201034087814,65.18798965912187
2023-09-10,40330.24,27837.19,R&D,12493.05,30.97687987971309,69.0231201202869
2023-09-11,49522.89,25815.28,Operations,23707.61,47.872024431530555,52.127975568469445
2023-09-12,49963.97,28795.11,Tech,21168.86,42.368250561354515,57.631749438645485
2023-09-13,38416.35,23378.5,Marketing,15037.849999999999,39.144400756448746,60.855599243551254
2023-09-14,65033.98,41735.43,Operations,23298.550000000003,35.82519476741236,64.17480523258764
2023-09-15,58773.62,30191.69,Operations,28581.930000000004,48.630542069724484,51.369457930275516
2023-09-16,47790.36,25902.72,Tech,21887.64,45.7992783481857,54.2007216518143
2023-09-17,50268.86,29308.97,Operations,20959.89,41.69557455649481,58.30442544350518
2023-09-18,52083.83,41222.26,Tech,10861.57,20.85401553610785,79.14598446389215
2023-09-19,29582.65,17731.96,HR,11850.690000000002,40.05959574277491,59.94040425722509
2023-09-20,47528.23,30637.28,R&D,16890.950000000004,35.53877348262286,64.46122651737713
2023-09-21,43180.16,24130.34,HR,19049.820000000003,44.11706672694127,55.88293327305873
2023-09-22,39983.8,27318.29,Tech,12665.510000000002,31.676604024629977,68.32339597537003
2023-09-23,47189.0,27568.05,Tech,19620.95,41.579499459619825,58.420500540380175
2023-09-24,67976.87,38209.65,HR,29767.219999999994,43.79021864348858,56.20978135651142
2023-09-25,56408.43,36945.93,Marketing,19462.5,34.50282165272105,65.49717834727893
2023-09-26,44288.21,22217.26,Marketing,22070.95,49.83482059898108,50.16517940101891
2023-09-27,55725.83,27991.04,Marketing,27734.79,49.77007969194896,50.22992030805105
